1;Danton 1;23/10/2018;M;0,66;Sim
2;Danton 2;23/10/2018;M;0,46;Sim
3;Danton 3;23/10/2018;M;0,41;Sim
4;Danton 4;23/10/2018;M;0,79;Não
5;Danton 5;23/10/2018;M;2,02;Não
6;Danton 6;23/10/2018;M;0,06;Não
7;Danton 7;23/10/2018;M;4,52;Não
8;Danton 8;23/10/2018;M;1,80;Não
9;Danton 9;23/10/2018;M;7,10;Sim
10;Danton 10;23/10/2018;M;3,09;Não
11;Danton 11;23/10/2018;M;6,23;Não
12;Danton 12;23/10/2018;M;4,92;Não
13;Danton 13;23/10/2018;M;12,33;Não
14;Danton 14;23/10/2018;M;4,02;Sim
15;Danton 15;23/10/2018;M;7,35;Sim
16;Danton 16;23/10/2018;M;0,86;Não
17;Danton 17;23/10/2018;M;13,59;Não
18;Danton 18;23/10/2018;M;1,47;Sim
19;Danton 19;23/10/2018;M;5,23;Não
20;Danton 20;23/10/2018;M;15,92;Sim
21;Danton 21;23/10/2018;M;8,86;Sim
22;Danton 22;23/10/2018;M;7,91;Não
23;Danton 23;23/10/2018;M;13,41;Não
24;Danton 24;23/10/2018;M;5,25;Não
25;Danton 25;23/10/2018;M;16,67;Não
26;Danton 26;23/10/2018;M;7,10;Sim
27;Danton 27;23/10/2018;M;13,53;Sim
28;Danton 28;23/10/2018;M;27,87;Não
29;Danton 29;23/10/2018;M;22,62;Sim
30;Danton 30;23/10/2018;M;5,15;Não
31;Danton 31;23/10/2018;M;5,43;Não
32;Danton 32;23/10/2018;M;1,85;Não
33;Danton 33;23/10/2018;M;2,51;Não
34;Danton 34;23/10/2018;M;22,34;Não
35;Danton 35;23/10/2018;M;20,92;Sim
36;Danton 36;23/10/2018;M;18,20;Não
37;Danton 37;23/10/2018;M;35,02;Não
38;Danton 38;23/10/2018;M;31,81;Não
39;Danton 39;23/10/2018;M;37,87;Não
40;Danton 40;23/10/2018;M;9,11;Não
41;Danton 41;23/10/2018;M;30,41;Sim
42;Danton 42;23/10/2018;M;36,72;Não
43;Danton 43;23/10/2018;M;12,99;Não
44;Danton 44;23/10/2018;M;20,35;Não
45;Danton 45;23/10/2018;M;13,88;Sim
46;Danton 46;23/10/2018;M;8,00;Não
47;Danton 47;23/10/2018;M;6,69;Não
48;Danton 48;23/10/2018;M;36,81;Sim
49;Danton 49;23/10/2018;M;10,67;Não
50;Danton 50;23/10/2018;M;40,65;Sim
51;Danton 51;23/10/2018;M;31,93;Não
52;Danton 52;23/10/2018;M;6,01;Não
53;Danton 53;23/10/2018;M;51,45;Não
54;Danton 54;23/10/2018;M;3,00;Não
55;Danton 55;23/10/2018;M;12,39;Sim
56;Danton 56;23/10/2018;M;5,98;Sim
57;Danton 57;23/10/2018;M;40,79;Sim
58;Danton 58;23/10/2018;M;3,09;Sim
59;Danton 59;23/10/2018;M;51,73;Sim
60;Danton 60;23/10/2018;M;29,65;Não
61;Danton 61;23/10/2018;M;15,97;Não
62;Danton 62;23/10/2018;M;4,80;Não
63;Danton 63;23/10/2018;M;24,67;Não
64;Danton 64;23/10/2018;M;33,23;Não
65;Danton 65;23/10/2018;M;27,68;Não
66;Danton 66;23/10/2018;M;58,19;Não
67;Danton 67;23/10/2018;M;20,68;Não
68;Danton 68;23/10/2018;M;52,04;Sim
69;Danton 69;23/10/2018;M;68,65;Sim
70;Danton 70;23/10/2018;M;2,93;Não
71;Danton 71;23/10/2018;M;42,72;Sim
72;Danton 72;23/10/2018;M;36,59;Sim
73;Danton 73;23/10/2018;M;61,49;Sim
74;Danton 74;23/10/2018;M;27,43;Não
75;Danton 75;23/10/2018;M;67,55;Sim
76;Danton 76;23/10/2018;M;59,49;Não
77;Danton 77;23/10/2018;M;75,58;Sim
78;Danton 78;23/10/2018;M;59,03;Sim
79;Danton 79;23/10/2018;M;10,70;Não
80;Danton 80;23/10/2018;M;51,37;Não
81;Danton 81;23/10/2018;M;47,91;Não
82;Danton 82;23/10/2018;M;1,90;Sim
83;Danton 83;23/10/2018;M;63,52;Sim
84;Danton 84;23/10/2018;M;27,53;Não
85;Danton 85;23/10/2018;M;25,58;Sim
86;Danton 86;23/10/2018;M;56,21;Não
87;Danton 87;23/10/2018;M;0,15;Sim
88;Danton 88;23/10/2018;M;28,81;Não
89;Danton 89;23/10/2018;M;23,59;Não
90;Danton 90;23/10/2018;M;43,74;Sim
91;Danton 91;23/10/2018;M;62,37;Não
92;Danton 92;23/10/2018;M;49,70;Sim
93;Danton 93;23/10/2018;M;76,37;Sim
94;Danton 94;23/10/2018;M;67,56;Sim
95;Danton 95;23/10/2018;M;69,18;Sim
96;Danton 96;23/10/2018;M;2,26;Sim
97;Danton 97;23/10/2018;M;73,40;Não
98;Danton 98;23/10/2018;M;81,13;Sim
99;Danton 99;23/10/2018;M;27,69;Sim
100;Danton 100;23/10/2018;M;4,30;Não
101;Danton 101;23/10/2018;M;48,12;Não
102;Danton 102;23/10/2018;M;24,88;Não
103;Danton 103;23/10/2018;M;2,91;Não
104;Danton 104;23/10/2018;M;41,57;Não
105;Danton 105;23/10/2018;M;63,30;Não
106;Danton 106;23/10/2018;M;93,74;Não
107;Danton 107;23/10/2018;M;31,84;Não
108;Danton 108;23/10/2018;M;27,65;Sim
109;Danton 109;23/10/2018;M;86,77;Não
110;Danton 110;23/10/2018;M;98,04;Sim
111;Danton 111;23/10/2018;M;94,12;Sim
112;Danton 112;23/10/2018;M;104,49;Não
113;Danton 113;23/10/2018;M;93,44;Não
114;Danton 114;23/10/2018;M;19,34;Sim
115;Danton 115;23/10/2018;M;62,43;Não
116;Danton 116;23/10/2018;M;46,70;Sim
117;Danton 117;23/10/2018;M;22,16;Sim
118;Danton 118;23/10/2018;M;67,97;Não
119;Danton 119;23/10/2018;M;34,69;Não
120;Danton 120;23/10/2018;M;53,63;Sim
121;Danton 121;23/10/2018;M;95,33;Não
122;Danton 122;23/10/2018;M;104,18;Não
123;Danton 123;23/10/2018;M;113,92;Não
124;Danton 124;23/10/2018;M;87,64;Não
125;Danton 125;23/10/2018;M;60,36;Não
126;Danton 126;23/10/2018;M;83,70;Sim
127;Danton 127;23/10/2018;M;117,59;Sim
128;Danton 128;23/10/2018;M;11,91;Sim
129;Danton 129;23/10/2018;M;68,69;Sim
130;Danton 130;23/10/2018;M;40,04;Sim
131;Danton 131;23/10/2018;M;19,16;Sim
132;Danton 132;23/10/2018;M;37,32;Sim
133;Danton 133;23/10/2018;M;28,26;Não
134;Danton 134;23/10/2018;M;132,49;Não
135;Danton 135;23/10/2018;M;130,18;Não
136;Danton 136;23/10/2018;M;37,09;Sim
137;Danton 137;23/10/2018;M;20,81;Não
138;Danton 138;23/10/2018;M;98,48;Sim
139;Danton 139;23/10/2018;M;69,61;Não
140;Danton 140;23/10/2018;M;30,03;Sim
141;Danton 141;23/10/2018;M;23,81;Não
142;Danton 142;23/10/2018;M;25,46;Não
143;Danton 143;23/10/2018;M;118,41;Não
144;Danton 144;23/10/2018;M;0,09;Sim
145;Danton 145;23/10/2018;M;92,96;Sim
146;Danton 146;23/10/2018;M;35,15;Não
147;Danton 147;23/10/2018;M;47,77;Não
148;Danton 148;23/10/2018;M;48,59;Sim
149;Danton 149;23/10/2018;M;103,91;Não
150;Danton 150;23/10/2018;M;121,70;Sim
151;Danton 151;23/10/2018;M;88,81;Não
152;Danton 152;23/10/2018;M;31,90;Não
153;Danton 153;23/10/2018;M;116,85;Não
154;Danton 154;23/10/2018;M;44,79;Sim
155;Danton 155;23/10/2018;M;86,84;Sim
156;Danton 156;23/10/2018;M;24,24;Não
157;Danton 157;23/10/2018;M;39,45;Sim
158;Danton 158;23/10/2018;M;137,40;Sim
159;Danton 159;23/10/2018;M;124,85;Não
160;Danton 160;23/10/2018;M;79,71;Não
161;Danton 161;23/10/2018;M;67,51;Não
162;Danton 162;23/10/2018;M;49,68;Sim
163;Danton 163;23/10/2018;M;155,00;Sim
164;Danton 164;23/10/2018;M;96,23;Sim
165;Danton 165;23/10/2018;M;115,39;Sim
166;Danton 166;23/10/2018;M;4,77;Não
167;Danton 167;23/10/2018;M;21,47;Não
168;Danton 168;23/10/2018;M;137,06;Sim
169;Danton 169;23/10/2018;M;2,65;Não
170;Danton 170;23/10/2018;M;110,27;Não
171;Danton 171;23/10/2018;M;63,33;Sim
172;Danton 172;23/10/2018;M;123,66;Não
173;Danton 173;23/10/2018;M;153,45;Não
174;Danton 174;23/10/2018;M;43,55;Não
175;Danton 175;23/10/2018;M;100,45;Não
176;Danton 176;23/10/2018;M;104,71;Não
177;Danton 177;23/10/2018;M;60,97;Sim
178;Danton 178;23/10/2018;M;6,69;Não
179;Danton 179;23/10/2018;M;138,87;Sim
180;Danton 180;23/10/2018;M;70,51;Sim
181;Danton 181;23/10/2018;M;172,23;Não
182;Danton 182;23/10/2018;M;35,70;Sim
183;Danton 183;23/10/2018;M;51,40;Não
184;Danton 184;23/10/2018;M;150,81;Não
185;Danton 185;23/10/2018;M;85,23;Sim
186;Danton 186;23/10/2018;M;11,83;Sim
187;Danton 187;23/10/2018;M;54,64;Sim
188;Danton 188;23/10/2018;M;172,31;Não
189;Danton 189;23/10/2018;M;168,51;Não
190;Danton 190;23/10/2018;M;182,06;Sim
191;Danton 191;23/10/2018;M;180,97;Sim
192;Danton 192;23/10/2018;M;103,38;Sim
193;Danton 193;23/10/2018;M;12,88;Sim
194;Danton 194;23/10/2018;M;50,75;Sim
195;Danton 195;23/10/2018;M;180,31;Não
196;Danton 196;23/10/2018;M;97,40;Sim
197;Danton 197;23/10/2018;M;175,24;Sim
198;Danton 198;23/10/2018;M;119,71;Sim
199;Danton 199;23/10/2018;M;5,16;Sim
200;Danton 200;23/10/2018;M;63,51;Sim
201;Danton 201;23/10/2018;M;180,75;Não
202;Danton 202;23/10/2018;M;51,14;Não
203;Danton 203;23/10/2018;M;81,27;Não
204;Danton 204;23/10/2018;M;171,39;Não
205;Danton 205;23/10/2018;M;182,25;Sim
206;Danton 206;23/10/2018;M;8,69;Não
207;Danton 207;23/10/2018;M;65,33;Sim
208;Danton 208;23/10/2018;M;28,20;Não
209;Danton 209;23/10/2018;M;129,80;Sim
210;Danton 210;23/10/2018;M;95,54;Sim
211;Danton 211;23/10/2018;M;134,76;Sim
212;Danton 212;23/10/2018;M;97,51;Sim
213;Danton 213;23/10/2018;M;197,12;Sim
214;Danton 214;23/10/2018;M;148,88;Não
215;Danton 215;23/10/2018;M;93,66;Não
216;Danton 216;23/10/2018;M;47,50;Sim
217;Danton 217;23/10/2018;M;155,41;Sim
218;Danton 218;23/10/2018;M;186,00;Sim
219;Danton 219;23/10/2018;M;76,86;Sim
220;Danton 220;23/10/2018;M;37,68;Não
221;Danton 221;23/10/2018;M;157,11;Sim
222;Danton 222;23/10/2018;M;111,65;Sim
223;Danton 223;23/10/2018;M;150,79;Sim
224;Danton 224;23/10/2018;M;72,59;Sim
225;Danton 225;23/10/2018;M;200,03;Não
226;Danton 226;23/10/2018;M;77,97;Não
227;Danton 227;23/10/2018;M;60,95;Não
228;Danton 228;23/10/2018;M;62,91;Não
229;Danton 229;23/10/2018;M;222,76;Sim
230;Danton 230;23/10/2018;M;167,14;Sim
231;Danton 231;23/10/2018;M;168,35;Sim
232;Danton 232;23/10/2018;M;219,72;Não
233;Danton 233;23/10/2018;M;108,96;Não
234;Danton 234;23/10/2018;M;34,09;Sim
235;Danton 235;23/10/2018;M;117,49;Não
236;Danton 236;23/10/2018;M;221,78;Sim
237;Danton 237;23/10/2018;M;10,93;Sim
238;Danton 238;23/10/2018;M;19,75;Sim
239;Danton 239;23/10/2018;M;190,09;Não
240;Danton 240;23/10/2018;M;238,47;Sim
241;Danton 241;23/10/2018;M;74,86;Não
242;Danton 242;23/10/2018;M;184,56;Sim
243;Danton 243;23/10/2018;M;125,72;Sim
244;Danton 244;23/10/2018;M;63,78;Não
245;Danton 245;23/10/2018;M;54,01;Sim
246;Danton 246;23/10/2018;M;168,66;Sim
247;Danton 247;23/10/2018;M;142,40;Não
248;Danton 248;23/10/2018;M;93,24;Sim
249;Danton 249;23/10/2018;M;178,80;Não
250;Danton 250;23/10/2018;M;8,99;Sim
251;Danton 251;23/10/2018;M;68,08;Sim
252;Danton 252;23/10/2018;M;134,15;Não
253;Danton 253;23/10/2018;M;85,99;Não
254;Danton 254;23/10/2018;M;78,00;Sim
255;Danton 255;23/10/2018;M;162,76;Sim
256;Danton 256;23/10/2018;M;14,65;Sim
257;Danton 257;23/10/2018;M;217,52;Não
258;Danton 258;23/10/2018;M;192,16;Não
259;Danton 259;23/10/2018;M;241,99;Sim
260;Danton 260;23/10/2018;M;48,94;Não
261;Danton 261;23/10/2018;M;41,10;Sim
262;Danton 262;23/10/2018;M;119,52;Sim
263;Danton 263;23/10/2018;M;173,10;Não
264;Danton 264;23/10/2018;M;9,51;Sim
265;Danton 265;23/10/2018;M;33,67;Sim
266;Danton 266;23/10/2018;M;74,66;Sim
267;Danton 267;23/10/2018;M;206,85;Não
268;Danton 268;23/10/2018;M;255,08;Sim
269;Danton 269;23/10/2018;M;253,79;Sim
270;Danton 270;23/10/2018;M;208,38;Não
271;Danton 271;23/10/2018;M;13,51;Não
272;Danton 272;23/10/2018;M;210,13;Não
273;Danton 273;23/10/2018;M;51,66;Sim
274;Danton 274;23/10/2018;M;243,02;Não
275;Danton 275;23/10/2018;M;180,76;Não
276;Danton 276;23/10/2018;M;184,13;Sim
277;Danton 277;23/10/2018;M;234,68;Não
278;Danton 278;23/10/2018;M;64,77;Sim
279;Danton 279;23/10/2018;M;130,25;Sim
280;Danton 280;23/10/2018;M;155,64;Sim
281;Danton 281;23/10/2018;M;220,95;Sim
282;Danton 282;23/10/2018;M;272,09;Sim
283;Danton 283;23/10/2018;M;190,92;Não
284;Danton 284;23/10/2018;M;92,41;Não
285;Danton 285;23/10/2018;M;146,34;Sim
286;Danton 286;23/10/2018;M;196,14;Não
287;Danton 287;23/10/2018;M;196,67;Não
288;Danton 288;23/10/2018;M;90,16;Sim
289;Danton 289;23/10/2018;M;65,41;Sim
290;Danton 290;23/10/2018;M;274,27;Não
291;Danton 291;23/10/2018;M;118,25;Sim
292;Danton 292;23/10/2018;M;228,27;Não
293;Danton 293;23/10/2018;M;132,41;Não
294;Danton 294;23/10/2018;M;54,79;Sim
295;Danton 295;23/10/2018;M;107,71;Não
296;Danton 296;23/10/2018;M;106,35;Sim
297;Danton 297;23/10/2018;M;239,50;Não
298;Danton 298;23/10/2018;M;68,51;Não
299;Danton 299;23/10/2018;M;92,00;Sim
300;Danton 300;23/10/2018;M;199,18;Sim
301;Danton 301;23/10/2018;M;199,05;Não
302;Danton 302;23/10/2018;M;199,32;Não
303;Danton 303;23/10/2018;M;57,83;Não
304;Danton 304;23/10/2018;M;179,22;Não
305;Danton 305;23/10/2018;M;229,05;Não
306;Danton 306;23/10/2018;M;211,62;Não
307;Danton 307;23/10/2018;M;223,13;Não
308;Danton 308;23/10/2018;M;299,43;Não
309;Danton 309;23/10/2018;M;2,16;Sim
310;Danton 310;23/10/2018;M;117,04;Não
311;Danton 311;23/10/2018;M;276,98;Sim
312;Danton 312;23/10/2018;M;190,85;Sim
313;Danton 313;23/10/2018;M;48,18;Não
314;Danton 314;23/10/2018;M;78,73;Sim
315;Danton 315;23/10/2018;M;16,09;Sim
316;Danton 316;23/10/2018;M;275,03;Não
317;Danton 317;23/10/2018;M;270,26;Sim
318;Danton 318;23/10/2018;M;237,64;Sim
319;Danton 319;23/10/2018;M;202,42;Sim
320;Danton 320;23/10/2018;M;102,76;Não
321;Danton 321;23/10/2018;M;136,32;Não
322;Danton 322;23/10/2018;M;3,51;Não
323;Danton 323;23/10/2018;M;155,80;Sim
324;Danton 324;23/10/2018;M;54,72;Não
325;Danton 325;23/10/2018;M;144,78;Sim
326;Danton 326;23/10/2018;M;301,15;Sim
327;Danton 327;23/10/2018;M;101,96;Sim
328;Danton 328;23/10/2018;M;136,59;Sim
329;Danton 329;23/10/2018;M;242,88;Sim
330;Danton 330;23/10/2018;M;152,98;Não
331;Danton 331;23/10/2018;M;311,42;Sim
332;Danton 332;23/10/2018;M;331,55;Não
333;Danton 333;23/10/2018;M;185,29;Não
334;Danton 334;23/10/2018;M;244,77;Não
335;Danton 335;23/10/2018;M;62,54;Sim
336;Danton 336;23/10/2018;M;119,90;Sim
337;Danton 337;23/10/2018;M;333,27;Não
338;Danton 338;23/10/2018;M;87,56;Não
339;Danton 339;23/10/2018;M;202,84;Sim
340;Danton 340;23/10/2018;M;60,03;Não
341;Danton 341;23/10/2018;M;297,56;Sim
342;Danton 342;23/10/2018;M;141,29;Sim
343;Danton 343;23/10/2018;M;148,71;Sim
344;Danton 344;23/10/2018;M;89,75;Não
345;Danton 345;23/10/2018;M;258,19;Não
346;Danton 346;23/10/2018;M;15,05;Sim
347;Danton 347;23/10/2018;M;187,35;Não
348;Danton 348;23/10/2018;M;265,36;Não
349;Danton 349;23/10/2018;M;225,14;Não
350;Danton 350;23/10/2018;M;235,89;Sim
351;Danton 351;23/10/2018;M;17,77;Não
352;Danton 352;23/10/2018;M;86,82;Não
353;Danton 353;23/10/2018;M;256,66;Sim
354;Danton 354;23/10/2018;M;305,37;Não
355;Danton 355;23/10/2018;M;19,47;Sim
356;Danton 356;23/10/2018;M;109,56;Sim
357;Danton 357;23/10/2018;M;32,11;Não
358;Danton 358;23/10/2018;M;203,95;Não
359;Danton 359;23/10/2018;M;234,38;Não
360;Danton 360;23/10/2018;M;256,68;Não
361;Danton 361;23/10/2018;M;86,68;Sim
362;Danton 362;23/10/2018;M;228,69;Não
363;Danton 363;23/10/2018;M;20,43;Não
364;Danton 364;23/10/2018;M;107,16;Não
365;Danton 365;23/10/2018;M;15,78;Sim
366;Danton 366;23/10/2018;M;252,65;Não
367;Danton 367;23/10/2018;M;236,14;Não
368;Danton 368;23/10/2018;M;23,14;Não
369;Danton 369;23/10/2018;M;65,12;Não
370;Danton 370;23/10/2018;M;63,66;Sim
371;Danton 371;23/10/2018;M;48,18;Não
372;Danton 372;23/10/2018;M;99,25;Sim
373;Danton 373;23/10/2018;M;138,02;Não
374;Danton 374;23/10/2018;M;63,07;Não
375;Danton 375;23/10/2018;M;99,18;Sim
376;Danton 376;23/10/2018;M;138,14;Sim
377;Danton 377;23/10/2018;M;366,72;Sim
378;Danton 378;23/10/2018;M;118,51;Não
379;Danton 379;23/10/2018;M;269,55;Não
380;Danton 380;23/10/2018;M;58,51;Não
381;Danton 381;23/10/2018;M;239,00;Não
382;Danton 382;23/10/2018;M;1,44;Não
383;Danton 383;23/10/2018;M;10,14;Não
384;Danton 384;23/10/2018;M;181,09;Não
385;Danton 385;23/10/2018;M;34,69;Não
386;Danton 386;23/10/2018;M;217,75;Sim
387;Danton 387;23/10/2018;M;345,38;Não
388;Danton 388;23/10/2018;M;110,01;Sim
389;Danton 389;23/10/2018;M;186,98;Sim
390;Danton 390;23/10/2018;M;78,44;Sim
391;Danton 391;23/10/2018;M;6,50;Sim
392;Danton 392;23/10/2018;M;16,34;Sim
393;Danton 393;23/10/2018;M;194,91;Não
394;Danton 394;23/10/2018;M;333,07;Sim
395;Danton 395;23/10/2018;M;141,17;Não
396;Danton 396;23/10/2018;M;232,50;Sim
397;Danton 397;23/10/2018;M;148,90;Não
398;Danton 398;23/10/2018;M;90,99;Sim
399;Danton 399;23/10/2018;M;233,88;Não
400;Danton 400;23/10/2018;M;21,45;Não
401;Danton 401;23/10/2018;M;260,13;Sim
402;Danton 402;23/10/2018;M;319,39;Sim
403;Danton 403;23/10/2018;M;381,21;Sim
404;Danton 404;23/10/2018;M;200,81;Não
405;Danton 405;23/10/2018;M;388,55;Sim
406;Danton 406;23/10/2018;M;117,54;Sim
407;Danton 407;23/10/2018;M;373,04;Sim
408;Danton 408;23/10/2018;M;90,94;Sim
409;Danton 409;23/10/2018;M;199,17;Não
410;Danton 410;23/10/2018;M;54,43;Sim
411;Danton 411;23/10/2018;M;142,64;Não
412;Danton 412;23/10/2018;M;14,28;Não
413;Danton 413;23/10/2018;M;315,91;Sim
414;Danton 414;23/10/2018;M;377,35;Sim
415;Danton 415;23/10/2018;M;400,31;Não
416;Danton 416;23/10/2018;M;364,46;Não
417;Danton 417;23/10/2018;M;384,69;Não
418;Danton 418;23/10/2018;M;250,95;Sim
419;Danton 419;23/10/2018;M;176,40;Sim
420;Danton 420;23/10/2018;M;247,65;Sim
421;Danton 421;23/10/2018;M;268,53;Sim
422;Danton 422;23/10/2018;M;148,64;Não
423;Danton 423;23/10/2018;M;121,13;Não
424;Danton 424;23/10/2018;M;323,76;Não
425;Danton 425;23/10/2018;M;143,29;Não
426;Danton 426;23/10/2018;M;407,97;Sim
427;Danton 427;23/10/2018;M;277,63;Não
428;Danton 428;23/10/2018;M;381,43;Não
429;Danton 429;23/10/2018;M;182,51;Sim
430;Danton 430;23/10/2018;M;138,20;Não
431;Danton 431;23/10/2018;M;103,53;Sim
432;Danton 432;23/10/2018;M;135,51;Não
433;Danton 433;23/10/2018;M;252,61;Não
434;Danton 434;23/10/2018;M;239,94;Não
435;Danton 435;23/10/2018;M;95,27;Não
436;Danton 436;23/10/2018;M;292,27;Sim
437;Danton 437;23/10/2018;M;181,92;Sim
438;Danton 438;23/10/2018;M;227,29;Sim
439;Danton 439;23/10/2018;M;30,08;Sim
440;Danton 440;23/10/2018;M;364,42;Sim
441;Danton 441;23/10/2018;M;436,24;Não
442;Danton 442;23/10/2018;M;422,57;Não
443;Danton 443;23/10/2018;M;98,65;Não
444;Danton 444;23/10/2018;M;228,12;Não
445;Danton 445;23/10/2018;M;15,38;Sim
446;Danton 446;23/10/2018;M;218,47;Sim
447;Danton 447;23/10/2018;M;160,22;Não
448;Danton 448;23/10/2018;M;53,63;Sim
449;Danton 449;23/10/2018;M;389,08;Não
450;Danton 450;23/10/2018;M;71,84;Sim
451;Danton 451;23/10/2018;M;227,73;Sim
452;Danton 452;23/10/2018;M;184,87;Não
453;Danton 453;23/10/2018;M;130,41;Não
454;Danton 454;23/10/2018;M;134,14;Não
455;Danton 455;23/10/2018;M;173,61;Não
456;Danton 456;23/10/2018;M;40,80;Sim
457;Danton 457;23/10/2018;M;10,92;Sim
458;Danton 458;23/10/2018;M;387,19;Sim
459;Danton 459;23/10/2018;M;286,66;Não
460;Danton 460;23/10/2018;M;221,21;Não
461;Danton 461;23/10/2018;M;216,34;Não
462;Danton 462;23/10/2018;M;231,40;Sim
463;Danton 463;23/10/2018;M;376,14;Sim
464;Danton 464;23/10/2018;M;346,93;Não
465;Danton 465;23/10/2018;M;363,88;Sim
466;Danton 466;23/10/2018;M;101,34;Sim
467;Danton 467;23/10/2018;M;210,50;Sim
468;Danton 468;23/10/2018;M;196,48;Não
469;Danton 469;23/10/2018;M;287,57;Sim
470;Danton 470;23/10/2018;M;460,12;Não
471;Danton 471;23/10/2018;M;153,48;Sim
472;Danton 472;23/10/2018;M;82,34;Sim
473;Danton 473;23/10/2018;M;471,58;Sim
474;Danton 474;23/10/2018;M;427,69;Sim
475;Danton 475;23/10/2018;M;421,75;Sim
476;Danton 476;23/10/2018;M;48,08;Sim
477;Danton 477;23/10/2018;M;97,71;Sim
478;Danton 478;23/10/2018;M;14,79;Sim
479;Danton 479;23/10/2018;M;274,73;Sim
480;Danton 480;23/10/2018;M;442,78;Sim
481;Danton 481;23/10/2018;M;278,57;Sim
482;Danton 482;23/10/2018;M;199,86;Sim
483;Danton 483;23/10/2018;M;110,34;Não
484;Danton 484;23/10/2018;M;433,34;Sim
485;Danton 485;23/10/2018;M;312,56;Sim
486;Danton 486;23/10/2018;M;156,93;Sim
487;Danton 487;23/10/2018;M;19,06;Não
488;Danton 488;23/10/2018;M;176,19;Sim
489;Danton 489;23/10/2018;M;12,88;Não
490;Danton 490;23/10/2018;M;338,11;Não
491;Danton 491;23/10/2018;M;311,97;Não
492;Danton 492;23/10/2018;M;84,41;Não
493;Danton 493;23/10/2018;M;475,38;Não
494;Danton 494;23/10/2018;M;68,77;Sim
495;Danton 495;23/10/2018;M;134,81;Não
496;Danton 496;23/10/2018;M;228,93;Sim
497;Danton 497;23/10/2018;M;225,33;Sim
498;Danton 498;23/10/2018;M;91,47;Sim
499;Danton 499;23/10/2018;M;126,36;Sim
500;Danton 500;23/10/2018;M;245,02;Sim
501;Danton 501;23/10/2018;M;150,46;Sim
502;Danton 502;23/10/2018;M;226,91;Não
503;Danton 503;23/10/2018;M;1,11;Sim
504;Danton 504;23/10/2018;M;264,19;Não
505;Danton 505;23/10/2018;M;317,40;Não
506;Danton 506;23/10/2018;M;18,16;Sim
507;Danton 507;23/10/2018;M;227,20;Sim
508;Danton 508;23/10/2018;M;501,73;Não
509;Danton 509;23/10/2018;M;314,41;Não
510;Danton 510;23/10/2018;M;156,75;Não
511;Danton 511;23/10/2018;M;321,36;Não
512;Danton 512;23/10/2018;M;177,34;Não
513;Danton 513;23/10/2018;M;263,29;Sim
514;Danton 514;23/10/2018;M;413,11;Sim
515;Danton 515;23/10/2018;M;348,52;Sim
516;Danton 516;23/10/2018;M;234,43;Não
517;Danton 517;23/10/2018;M;98,18;Não
518;Danton 518;23/10/2018;M;14,23;Sim
519;Danton 519;23/10/2018;M;308,63;Sim
520;Danton 520;23/10/2018;M;172,73;Sim
521;Danton 521;23/10/2018;M;419,91;Sim
522;Danton 522;23/10/2018;M;135,21;Não
523;Danton 523;23/10/2018;M;253,15;Sim
524;Danton 524;23/10/2018;M;314,85;Sim
525;Danton 525;23/10/2018;M;174,26;Sim
526;Danton 526;23/10/2018;M;383,84;Sim
527;Danton 527;23/10/2018;M;70,42;Sim
528;Danton 528;23/10/2018;M;23,02;Sim
529;Danton 529;23/10/2018;M;523,58;Não
530;Danton 530;23/10/2018;M;399,17;Sim
531;Danton 531;23/10/2018;M;69,11;Não
532;Danton 532;23/10/2018;M;9,67;Não
533;Danton 533;23/10/2018;M;472,99;Não
534;Danton 534;23/10/2018;M;353,42;Sim
535;Danton 535;23/10/2018;M;481,75;Sim
536;Danton 536;23/10/2018;M;371,38;Não
537;Danton 537;23/10/2018;M;206,10;Não
538;Danton 538;23/10/2018;M;348,49;Sim
539;Danton 539;23/10/2018;M;186,42;Não
540;Danton 540;23/10/2018;M;177,13;Sim
541;Danton 541;23/10/2018;M;524,57;Não
542;Danton 542;23/10/2018;M;462,56;Sim
543;Danton 543;23/10/2018;M;531,06;Sim
544;Danton 544;23/10/2018;M;41,58;Não
545;Danton 545;23/10/2018;M;380,90;Sim
546;Danton 546;23/10/2018;M;170,43;Não
547;Danton 547;23/10/2018;M;392,39;Não
548;Danton 548;23/10/2018;M;13,70;Não
549;Danton 549;23/10/2018;M;250,59;Não
550;Danton 550;23/10/2018;M;321,29;Sim
551;Danton 551;23/10/2018;M;420,81;Não
552;Danton 552;23/10/2018;M;248,47;Não
553;Danton 553;23/10/2018;M;330,01;Não
554;Danton 554;23/10/2018;M;103,68;Sim
555;Danton 555;23/10/2018;M;110,69;Sim
556;Danton 556;23/10/2018;M;283,58;Não
557;Danton 557;23/10/2018;M;411,62;Não
558;Danton 558;23/10/2018;M;93,85;Sim
559;Danton 559;23/10/2018;M;131,43;Não
560;Danton 560;23/10/2018;M;473,72;Sim
561;Danton 561;23/10/2018;M;422,65;Não
562;Danton 562;23/10/2018;M;233,31;Sim
563;Danton 563;23/10/2018;M;145,33;Sim
564;Danton 564;23/10/2018;M;459,85;Sim
565;Danton 565;23/10/2018;M;126,85;Sim
566;Danton 566;23/10/2018;M;314,12;Sim
567;Danton 567;23/10/2018;M;53,39;Sim
568;Danton 568;23/10/2018;M;187,42;Sim
569;Danton 569;23/10/2018;M;526,95;Não
570;Danton 570;23/10/2018;M;305,91;Sim
571;Danton 571;23/10/2018;M;80,96;Sim
572;Danton 572;23/10/2018;M;297,79;Sim
573;Danton 573;23/10/2018;M;53,25;Sim
574;Danton 574;23/10/2018;M;141,54;Não
575;Danton 575;23/10/2018;M;166,97;Não
576;Danton 576;23/10/2018;M;404,43;Sim
577;Danton 577;23/10/2018;M;302,76;Sim
578;Danton 578;23/10/2018;M;435,49;Não
579;Danton 579;23/10/2018;M;452,39;Não
580;Danton 580;23/10/2018;M;209,27;Não
581;Danton 581;23/10/2018;M;469,08;Sim
582;Danton 582;23/10/2018;M;18,24;Não
583;Danton 583;23/10/2018;M;246,63;Sim
584;Danton 584;23/10/2018;M;79,95;Sim
585;Danton 585;23/10/2018;M;109,10;Sim
586;Danton 586;23/10/2018;M;150,97;Não
587;Danton 587;23/10/2018;M;480,95;Não
588;Danton 588;23/10/2018;M;14,79;Sim
589;Danton 589;23/10/2018;M;517,51;Sim
590;Danton 590;23/10/2018;M;20,03;Sim
591;Danton 591;23/10/2018;M;308,61;Sim
592;Danton 592;23/10/2018;M;157,24;Sim
593;Danton 593;23/10/2018;M;507,03;Não
594;Danton 594;23/10/2018;M;75,86;Sim
595;Danton 595;23/10/2018;M;159,46;Sim
596;Danton 596;23/10/2018;M;386,05;Sim
597;Danton 597;23/10/2018;M;228,93;Não
598;Danton 598;23/10/2018;M;347,98;Não
599;Danton 599;23/10/2018;M;424,44;Não
600;Danton 600;23/10/2018;M;120,14;Sim
601;Danton 601;23/10/2018;M;518,67;Sim
602;Danton 602;23/10/2018;M;174,98;Não
603;Danton 603;23/10/2018;M;178,52;Sim
604;Danton 604;23/10/2018;M;295,59;Não
605;Danton 605;23/10/2018;M;445,83;Sim
606;Danton 606;23/10/2018;M;235,42;Não
607;Danton 607;23/10/2018;M;141,17;Sim
608;Danton 608;23/10/2018;M;607,08;Não
609;Danton 609;23/10/2018;M;316,07;Não
610;Danton 610;23/10/2018;M;30,82;Sim
611;Danton 611;23/10/2018;M;393,82;Não
612;Danton 612;23/10/2018;M;190,35;Sim
613;Danton 613;23/10/2018;M;133,86;Não
614;Danton 614;23/10/2018;M;338,89;Sim
615;Danton 615;23/10/2018;M;240,96;Sim
616;Danton 616;23/10/2018;M;43,33;Sim
617;Danton 617;23/10/2018;M;430,63;Sim
618;Danton 618;23/10/2018;M;422,36;Sim
619;Danton 619;23/10/2018;M;106,22;Não
620;Danton 620;23/10/2018;M;581,77;Sim
621;Danton 621;23/10/2018;M;466,79;Não
622;Danton 622;23/10/2018;M;541,93;Não
623;Danton 623;23/10/2018;M;515,79;Sim
624;Danton 624;23/10/2018;M;16,19;Sim
625;Danton 625;23/10/2018;M;584,86;Sim
626;Danton 626;23/10/2018;M;374,94;Sim
627;Danton 627;23/10/2018;M;16,27;Não
628;Danton 628;23/10/2018;M;325,28;Sim
629;Danton 629;23/10/2018;M;276,20;Não
630;Danton 630;23/10/2018;M;616,35;Sim
631;Danton 631;23/10/2018;M;443,02;Sim
632;Danton 632;23/10/2018;M;293,86;Sim
633;Danton 633;23/10/2018;M;334,09;Sim
634;Danton 634;23/10/2018;M;360,11;Sim
635;Danton 635;23/10/2018;M;602,95;Sim
636;Danton 636;23/10/2018;M;613,73;Sim
637;Danton 637;23/10/2018;M;222,48;Sim
638;Danton 638;23/10/2018;M;501,68;Sim
639;Danton 639;23/10/2018;M;159,47;Não
640;Danton 640;23/10/2018;M;132,72;Sim
641;Danton 641;23/10/2018;M;83,94;Sim
642;Danton 642;23/10/2018;M;331,92;Não
643;Danton 643;23/10/2018;M;134,30;Não
644;Danton 644;23/10/2018;M;65,64;Sim
645;Danton 645;23/10/2018;M;37,88;Não
646;Danton 646;23/10/2018;M;487,55;Não
647;Danton 647;23/10/2018;M;137,75;Não
648;Danton 648;23/10/2018;M;301,65;Não
649;Danton 649;23/10/2018;M;240,23;Sim
650;Danton 650;23/10/2018;M;252,54;Sim
651;Danton 651;23/10/2018;M;426,69;Não
652;Danton 652;23/10/2018;M;644,88;Sim
653;Danton 653;23/10/2018;M;292,48;Não
654;Danton 654;23/10/2018;M;307,78;Sim
655;Danton 655;23/10/2018;M;428,68;Sim
656;Danton 656;23/10/2018;M;300,27;Sim
657;Danton 657;23/10/2018;M;623,07;Sim
658;Danton 658;23/10/2018;M;373,93;Sim
659;Danton 659;23/10/2018;M;273,39;Sim
660;Danton 660;23/10/2018;M;624,54;Sim
661;Danton 661;23/10/2018;M;165,59;Sim
662;Danton 662;23/10/2018;M;30,74;Sim
663;Danton 663;23/10/2018;M;429,24;Sim
664;Danton 664;23/10/2018;M;639,62;Sim
665;Danton 665;23/10/2018;M;505,81;Não
666;Danton 666;23/10/2018;M;252,18;Sim
667;Danton 667;23/10/2018;M;470,29;Não
668;Danton 668;23/10/2018;M;511,68;Sim
669;Danton 669;23/10/2018;M;573,43;Não
670;Danton 670;23/10/2018;M;558,86;Sim
671;Danton 671;23/10/2018;M;232,12;Sim
672;Danton 672;23/10/2018;M;214,22;Sim
673;Danton 673;23/10/2018;M;344,61;Não
674;Danton 674;23/10/2018;M;93,30;Não
675;Danton 675;23/10/2018;M;191,34;Sim
676;Danton 676;23/10/2018;M;417,79;Não
677;Danton 677;23/10/2018;M;590,76;Não
678;Danton 678;23/10/2018;M;647,89;Não
679;Danton 679;23/10/2018;M;634,31;Sim
680;Danton 680;23/10/2018;M;241,99;Sim
681;Danton 681;23/10/2018;M;231,33;Sim
682;Danton 682;23/10/2018;M;197,19;Não
683;Danton 683;23/10/2018;M;15,47;Não
684;Danton 684;23/10/2018;M;99,47;Sim
685;Danton 685;23/10/2018;M;635,17;Não
686;Danton 686;23/10/2018;M;102,78;Não
687;Danton 687;23/10/2018;M;655,54;Não
688;Danton 688;23/10/2018;M;536,96;Não
689;Danton 689;23/10/2018;M;646,46;Sim
690;Danton 690;23/10/2018;M;60,51;Não
691;Danton 691;23/10/2018;M;79,80;Não
692;Danton 692;23/10/2018;M;174,25;Não
693;Danton 693;23/10/2018;M;167,88;Sim
694;Danton 694;23/10/2018;M;302,66;Não
695;Danton 695;23/10/2018;M;356,40;Não
696;Danton 696;23/10/2018;M;343,36;Sim
697;Danton 697;23/10/2018;M;480,77;Sim
698;Danton 698;23/10/2018;M;255,05;Não
699;Danton 699;23/10/2018;M;285,75;Não
700;Danton 700;23/10/2018;M;56,17;Não
701;Danton 701;23/10/2018;M;314,47;Não
702;Danton 702;23/10/2018;M;65,88;Não
703;Danton 703;23/10/2018;M;609,63;Sim
704;Danton 704;23/10/2018;M;247,87;Sim
705;Danton 705;23/10/2018;M;209,53;Não
706;Danton 706;23/10/2018;M;602,58;Sim
707;Danton 707;23/10/2018;M;258,79;Sim
708;Danton 708;23/10/2018;M;483,86;Sim
709;Danton 709;23/10/2018;M;113,65;Não
710;Danton 710;23/10/2018;M;325,72;Sim
711;Danton 711;23/10/2018;M;632,53;Não
712;Danton 712;23/10/2018;M;622,69;Não
713;Danton 713;23/10/2018;M;300,84;Não
714;Danton 714;23/10/2018;M;410,56;Sim
715;Danton 715;23/10/2018;M;113,62;Não
716;Danton 716;23/10/2018;M;633,84;Sim
717;Danton 717;23/10/2018;M;574,40;Não
718;Danton 718;23/10/2018;M;25,41;Não
719;Danton 719;23/10/2018;M;655,04;Sim
720;Danton 720;23/10/2018;M;276,24;Sim
721;Danton 721;23/10/2018;M;594,90;Não
722;Danton 722;23/10/2018;M;579,75;Sim
723;Danton 723;23/10/2018;M;280,38;Sim
724;Danton 724;23/10/2018;M;603,70;Não
725;Danton 725;23/10/2018;M;134,55;Não
726;Danton 726;23/10/2018;M;309,42;Sim
727;Danton 727;23/10/2018;M;322,32;Sim
728;Danton 728;23/10/2018;M;68,11;Não
729;Danton 729;23/10/2018;M;373,95;Não
730;Danton 730;23/10/2018;M;62,22;Não
731;Danton 731;23/10/2018;M;680,73;Não
732;Danton 732;23/10/2018;M;546,05;Não
733;Danton 733;23/10/2018;M;259,24;Não
734;Danton 734;23/10/2018;M;423,40;Não
735;Danton 735;23/10/2018;M;206,47;Não
736;Danton 736;23/10/2018;M;469,01;Não
737;Danton 737;23/10/2018;M;284,50;Sim
738;Danton 738;23/10/2018;M;616,55;Não
739;Danton 739;23/10/2018;M;313,42;Não
740;Danton 740;23/10/2018;M;253,73;Não
741;Danton 741;23/10/2018;M;118,13;Não
742;Danton 742;23/10/2018;M;621,81;Não
743;Danton 743;23/10/2018;M;357,18;Sim
744;Danton 744;23/10/2018;M;398,53;Não
745;Danton 745;23/10/2018;M;664,70;Não
746;Danton 746;23/10/2018;M;738,99;Sim
747;Danton 747;23/10/2018;M;646,15;Não
748;Danton 748;23/10/2018;M;357,16;Não
749;Danton 749;23/10/2018;M;85,03;Não
750;Danton 750;23/10/2018;M;257,80;Não
751;Danton 751;23/10/2018;M;541,92;Sim
752;Danton 752;23/10/2018;M;81,28;Não
753;Danton 753;23/10/2018;M;138,43;Sim
754;Danton 754;23/10/2018;M;177,18;Não
755;Danton 755;23/10/2018;M;643,38;Não
756;Danton 756;23/10/2018;M;342,50;Sim
757;Danton 757;23/10/2018;M;741,75;Sim
758;Danton 758;23/10/2018;M;155,98;Não
759;Danton 759;23/10/2018;M;411,54;Não
760;Danton 760;23/10/2018;M;246,19;Não
761;Danton 761;23/10/2018;M;211,97;Sim
762;Danton 762;23/10/2018;M;221,31;Sim
763;Danton 763;23/10/2018;M;723,82;Sim
764;Danton 764;23/10/2018;M;407,33;Não
765;Danton 765;23/10/2018;M;478,67;Sim
766;Danton 766;23/10/2018;M;19,06;Não
767;Danton 767;23/10/2018;M;734,88;Sim
768;Danton 768;23/10/2018;M;73,78;Sim
769;Danton 769;23/10/2018;M;556,84;Sim
770;Danton 770;23/10/2018;M;595,25;Sim
771;Danton 771;23/10/2018;M;521,34;Sim
772;Danton 772;23/10/2018;M;110,59;Não
773;Danton 773;23/10/2018;M;484,08;Sim
774;Danton 774;23/10/2018;M;168,77;Sim
775;Danton 775;23/10/2018;M;742,16;Sim
776;Danton 776;23/10/2018;M;399,94;Não
777;Danton 777;23/10/2018;M;207,61;Não
778;Danton 778;23/10/2018;M;90,54;Não
779;Danton 779;23/10/2018;M;497,00;Sim
780;Danton 780;23/10/2018;M;205,48;Não
781;Danton 781;23/10/2018;M;95,65;Sim
782;Danton 782;23/10/2018;M;517,99;Não
783;Danton 783;23/10/2018;M;294,82;Sim
784;Danton 784;23/10/2018;M;413,10;Não
785;Danton 785;23/10/2018;M;20,41;Sim
786;Danton 786;23/10/2018;M;47,85;Sim
787;Danton 787;23/10/2018;M;212,95;Não
788;Danton 788;23/10/2018;M;404,01;Sim
789;Danton 789;23/10/2018;M;342,08;Não
790;Danton 790;23/10/2018;M;122,77;Sim
791;Danton 791;23/10/2018;M;515,61;Não
792;Danton 792;23/10/2018;M;433,43;Sim
793;Danton 793;23/10/2018;M;528,74;Não
794;Danton 794;23/10/2018;M;166,69;Sim
795;Danton 795;23/10/2018;M;575,84;Não
796;Danton 796;23/10/2018;M;338,05;Sim
797;Danton 797;23/10/2018;M;735,36;Não
798;Danton 798;23/10/2018;M;152,91;Não
799;Danton 799;23/10/2018;M;762,59;Sim
800;Danton 800;23/10/2018;M;418,79;Sim
801;Danton 801;23/10/2018;M;67,47;Sim
802;Danton 802;23/10/2018;M;122,02;Não
803;Danton 803;23/10/2018;M;299,60;Não
804;Danton 804;23/10/2018;M;333,36;Sim
805;Danton 805;23/10/2018;M;496,59;Sim
806;Danton 806;23/10/2018;M;447,79;Sim
807;Danton 807;23/10/2018;M;161,75;Sim
808;Danton 808;23/10/2018;M;754,17;Não
809;Danton 809;23/10/2018;M;69,61;Não
810;Danton 810;23/10/2018;M;526,55;Sim
811;Danton 811;23/10/2018;M;367,09;Sim
812;Danton 812;23/10/2018;M;761,60;Sim
813;Danton 813;23/10/2018;M;65,95;Sim
814;Danton 814;23/10/2018;M;188,30;Sim
815;Danton 815;23/10/2018;M;360,02;Sim
816;Danton 816;23/10/2018;M;185,32;Não
817;Danton 817;23/10/2018;M;474,63;Sim
818;Danton 818;23/10/2018;M;323,44;Sim
819;Danton 819;23/10/2018;M;268,63;Sim
820;Danton 820;23/10/2018;M;278,83;Sim
821;Danton 821;23/10/2018;M;37,55;Não
822;Danton 822;23/10/2018;M;105,49;Sim
823;Danton 823;23/10/2018;M;111,36;Não
824;Danton 824;23/10/2018;M;173,34;Não
825;Danton 825;23/10/2018;M;636,08;Não
826;Danton 826;23/10/2018;M;686,06;Sim
827;Danton 827;23/10/2018;M;735,82;Sim
828;Danton 828;23/10/2018;M;743,28;Sim
829;Danton 829;23/10/2018;M;238,92;Sim
830;Danton 830;23/10/2018;M;102,63;Não
831;Danton 831;23/10/2018;M;657,59;Não
832;Danton 832;23/10/2018;M;722,84;Sim
833;Danton 833;23/10/2018;M;706,09;Sim
834;Danton 834;23/10/2018;M;447,60;Não
835;Danton 835;23/10/2018;M;483,64;Não
836;Danton 836;23/10/2018;M;461,14;Sim
837;Danton 837;23/10/2018;M;224,80;Sim
838;Danton 838;23/10/2018;M;771,53;Sim
839;Danton 839;23/10/2018;M;419,86;Não
840;Danton 840;23/10/2018;M;112,54;Não
841;Danton 841;23/10/2018;M;581,70;Sim
842;Danton 842;23/10/2018;M;579,18;Sim
843;Danton 843;23/10/2018;M;457,31;Sim
844;Danton 844;23/10/2018;M;701,08;Não
845;Danton 845;23/10/2018;M;16,10;Não
846;Danton 846;23/10/2018;M;189,65;Não
847;Danton 847;23/10/2018;M;711,19;Sim
848;Danton 848;23/10/2018;M;76,84;Sim
849;Danton 849;23/10/2018;M;65,47;Não
850;Danton 850;23/10/2018;M;61,26;Sim
851;Danton 851;23/10/2018;M;351,89;Sim
852;Danton 852;23/10/2018;M;398,19;Não
853;Danton 853;23/10/2018;M;671,45;Não
854;Danton 854;23/10/2018;M;624,94;Sim
855;Danton 855;23/10/2018;M;562,12;Sim
856;Danton 856;23/10/2018;M;107,31;Sim
857;Danton 857;23/10/2018;M;753,35;Sim
858;Danton 858;23/10/2018;M;152,97;Não
859;Danton 859;23/10/2018;M;194,01;Não
860;Danton 860;23/10/2018;M;176,04;Sim
861;Danton 861;23/10/2018;M;803,42;Não
862;Danton 862;23/10/2018;M;380,93;Sim
863;Danton 863;23/10/2018;M;204,94;Sim
864;Danton 864;23/10/2018;M;446,60;Sim
865;Danton 865;23/10/2018;M;679,30;Sim
866;Danton 866;23/10/2018;M;736,19;Sim
867;Danton 867;23/10/2018;M;826,82;Sim
868;Danton 868;23/10/2018;M;255,68;Sim
869;Danton 869;23/10/2018;M;504,85;Sim
870;Danton 870;23/10/2018;M;676,90;Sim
871;Danton 871;23/10/2018;M;297,33;Não
872;Danton 872;23/10/2018;M;843,58;Sim
873;Danton 873;23/10/2018;M;10,52;Não
874;Danton 874;23/10/2018;M;5,04;Sim
875;Danton 875;23/10/2018;M;158,55;Não
876;Danton 876;23/10/2018;M;164,16;Não
877;Danton 877;23/10/2018;M;459,14;Sim
878;Danton 878;23/10/2018;M;25,84;Sim
879;Danton 879;23/10/2018;M;554,16;Não
880;Danton 880;23/10/2018;M;506,52;Não
881;Danton 881;23/10/2018;M;461,03;Não
882;Danton 882;23/10/2018;M;815,40;Sim
883;Danton 883;23/10/2018;M;354,62;Não
884;Danton 884;23/10/2018;M;807,45;Sim
885;Danton 885;23/10/2018;M;780,19;Sim
886;Danton 886;23/10/2018;M;538,86;Sim
887;Danton 887;23/10/2018;M;857,03;Sim
888;Danton 888;23/10/2018;M;666,84;Não
889;Danton 889;23/10/2018;M;226,13;Sim
890;Danton 890;23/10/2018;M;533,42;Sim
891;Danton 891;23/10/2018;M;395,91;Não
892;Danton 892;23/10/2018;M;584,27;Não
893;Danton 893;23/10/2018;M;14,73;Não
894;Danton 894;23/10/2018;M;556,81;Não
895;Danton 895;23/10/2018;M;80,43;Sim
896;Danton 896;23/10/2018;M;510,29;Sim
897;Danton 897;23/10/2018;M;752,72;Sim
898;Danton 898;23/10/2018;M;589,53;Sim
899;Danton 899;23/10/2018;M;477,93;Não
900;Danton 900;23/10/2018;M;9,79;Sim
901;Danton 901;23/10/2018;M;177,68;Não
902;Danton 902;23/10/2018;M;241,92;Não
903;Danton 903;23/10/2018;M;163,15;Sim
904;Danton 904;23/10/2018;M;64,27;Sim
905;Danton 905;23/10/2018;M;308,98;Não
906;Danton 906;23/10/2018;M;308,69;Sim
907;Danton 907;23/10/2018;M;420,65;Não
908;Danton 908;23/10/2018;M;409,70;Não
909;Danton 909;23/10/2018;M;473,37;Não
910;Danton 910;23/10/2018;M;483,94;Não
911;Danton 911;23/10/2018;M;722,68;Não
912;Danton 912;23/10/2018;M;909,89;Não
913;Danton 913;23/10/2018;M;447,25;Sim
914;Danton 914;23/10/2018;M;61,76;Não
915;Danton 915;23/10/2018;M;396,64;Não
916;Danton 916;23/10/2018;M;425,50;Sim
917;Danton 917;23/10/2018;M;538,26;Sim
918;Danton 918;23/10/2018;M;657,73;Não
919;Danton 919;23/10/2018;M;619,25;Não
920;Danton 920;23/10/2018;M;435,67;Sim
921;Danton 921;23/10/2018;M;844,80;Não
922;Danton 922;23/10/2018;M;38,47;Não
923;Danton 923;23/10/2018;M;894,26;Não
924;Danton 924;23/10/2018;M;827,75;Sim
925;Danton 925;23/10/2018;M;394,93;Sim
926;Danton 926;23/10/2018;M;258,95;Sim
927;Danton 927;23/10/2018;M;885,44;Sim
928;Danton 928;23/10/2018;M;117,43;Não
929;Danton 929;23/10/2018;M;839,16;Sim
930;Danton 930;23/10/2018;M;410,94;Sim
931;Danton 931;23/10/2018;M;470,71;Sim
932;Danton 932;23/10/2018;M;909,83;Sim
933;Danton 933;23/10/2018;M;173,00;Sim
934;Danton 934;23/10/2018;M;456,51;Não
935;Danton 935;23/10/2018;M;215,74;Sim
936;Danton 936;23/10/2018;M;141,21;Não
937;Danton 937;23/10/2018;M;113,85;Não
938;Danton 938;23/10/2018;M;630,28;Sim
939;Danton 939;23/10/2018;M;82,51;Sim
940;Danton 940;23/10/2018;M;511,13;Sim
941;Danton 941;23/10/2018;M;53,73;Sim
942;Danton 942;23/10/2018;M;370,54;Sim
943;Danton 943;23/10/2018;M;7,16;Não
944;Danton 944;23/10/2018;M;765,86;Sim
945;Danton 945;23/10/2018;M;841,07;Não
946;Danton 946;23/10/2018;M;169,13;Sim
947;Danton 947;23/10/2018;M;661,21;Sim
948;Danton 948;23/10/2018;M;906,26;Sim
949;Danton 949;23/10/2018;M;927,04;Sim
950;Danton 950;23/10/2018;M;582,61;Não
951;Danton 951;23/10/2018;M;36,27;Não
952;Danton 952;23/10/2018;M;846,06;Não
953;Danton 953;23/10/2018;M;406,19;Sim
954;Danton 954;23/10/2018;M;320,74;Sim
955;Danton 955;23/10/2018;M;684,06;Sim
956;Danton 956;23/10/2018;M;185,06;Sim
957;Danton 957;23/10/2018;M;539,68;Não
958;Danton 958;23/10/2018;M;424,97;Sim
959;Danton 959;23/10/2018;M;29,63;Sim
960;Danton 960;23/10/2018;M;544,49;Não
961;Danton 961;23/10/2018;M;581,71;Sim
962;Danton 962;23/10/2018;M;861,44;Não
963;Danton 963;23/10/2018;M;6,33;Sim
964;Danton 964;23/10/2018;M;632,12;Não
965;Danton 965;23/10/2018;M;791,13;Sim
966;Danton 966;23/10/2018;M;749,31;Sim
967;Danton 967;23/10/2018;M;232,19;Sim
968;Danton 968;23/10/2018;M;253,84;Não
969;Danton 969;23/10/2018;M;700,44;Sim
970;Danton 970;23/10/2018;M;487,08;Não
971;Danton 971;23/10/2018;M;131,00;Não
972;Danton 972;23/10/2018;M;142,42;Não
973;Danton 973;23/10/2018;M;78,19;Não
974;Danton 974;23/10/2018;M;326,11;Sim
975;Danton 975;23/10/2018;M;423,47;Não
976;Danton 976;23/10/2018;M;869,39;Sim
977;Danton 977;23/10/2018;M;743,54;Sim
978;Danton 978;23/10/2018;M;762,26;Sim
979;Danton 979;23/10/2018;M;209,56;Não
980;Danton 980;23/10/2018;M;542,07;Sim
981;Danton 981;23/10/2018;M;707,74;Sim
982;Danton 982;23/10/2018;M;720,96;Não
983;Danton 983;23/10/2018;M;731,12;Não
984;Danton 984;23/10/2018;M;80,92;Não
985;Danton 985;23/10/2018;M;649,24;Sim
986;Danton 986;23/10/2018;M;471,04;Não
987;Danton 987;23/10/2018;M;866,59;Sim
988;Danton 988;23/10/2018;M;706,54;Sim
989;Danton 989;23/10/2018;M;117,58;Não
990;Danton 990;23/10/2018;M;836,77;Não
991;Danton 991;23/10/2018;M;878,74;Sim
992;Danton 992;23/10/2018;M;824,60;Não
993;Danton 993;23/10/2018;M;86,92;Sim
994;Danton 994;23/10/2018;M;189,79;Sim
995;Danton 995;23/10/2018;M;880,93;Sim
996;Danton 996;23/10/2018;M;981,39;Não
997;Danton 997;23/10/2018;M;360,87;Sim
998;Danton 998;23/10/2018;M;982,54;Sim
999;Danton 999;23/10/2018;M;274,55;Sim
1000;Danton 1000;23/10/2018;M;91,60;Não
1001;Danton 1001;23/10/2018;M;226,21;Sim
1002;Danton 1002;23/10/2018;M;139,06;Sim
1003;Danton 1003;23/10/2018;M;854,03;Não
1004;Danton 1004;23/10/2018;M;986,01;Sim
1005;Danton 1005;23/10/2018;M;222,12;Não
1006;Danton 1006;23/10/2018;M;419,35;Não
1007;Danton 1007;23/10/2018;M;500,65;Não
1008;Danton 1008;23/10/2018;M;818,21;Não
1009;Danton 1009;23/10/2018;M;45,95;Sim
1010;Danton 1010;23/10/2018;M;520,95;Não
1011;Danton 1011;23/10/2018;M;616,36;Sim
1012;Danton 1012;23/10/2018;M;33,18;Não
1013;Danton 1013;23/10/2018;M;880,26;Não
1014;Danton 1014;23/10/2018;M;684,45;Não
1015;Danton 1015;23/10/2018;M;693,65;Não
1016;Danton 1016;23/10/2018;M;926,05;Sim
1017;Danton 1017;23/10/2018;M;604,60;Sim
1018;Danton 1018;23/10/2018;M;922,90;Sim
1019;Danton 1019;23/10/2018;M;714,39;Não
1020;Danton 1020;23/10/2018;M;825,21;Sim
1021;Danton 1021;23/10/2018;M;874,62;Sim
1022;Danton 1022;23/10/2018;M;199,89;Não
1023;Danton 1023;23/10/2018;M;251,33;Não
1024;Danton 1024;23/10/2018;M;717,25;Sim
1025;Danton 1025;23/10/2018;M;807,88;Não
1026;Danton 1026;23/10/2018;M;274,58;Não
1027;Danton 1027;23/10/2018;M;507,10;Sim
1028;Danton 1028;23/10/2018;M;671,28;Sim
1029;Danton 1029;23/10/2018;M;866,42;Sim
1030;Danton 1030;23/10/2018;M;794,77;Sim
1031;Danton 1031;23/10/2018;M;515,06;Sim
1032;Danton 1032;23/10/2018;M;245,18;Não
1033;Danton 1033;23/10/2018;M;209,43;Não
1034;Danton 1034;23/10/2018;M;1.008,49;Não
1035;Danton 1035;23/10/2018;M;445,55;Não
1036;Danton 1036;23/10/2018;M;98,75;Não
1037;Danton 1037;23/10/2018;M;594,69;Não
1038;Danton 1038;23/10/2018;M;333,45;Sim
1039;Danton 1039;23/10/2018;M;689,73;Sim
1040;Danton 1040;23/10/2018;M;137,50;Não
1041;Danton 1041;23/10/2018;M;388,03;Não
1042;Danton 1042;23/10/2018;M;459,08;Sim
1043;Danton 1043;23/10/2018;M;944,27;Não
1044;Danton 1044;23/10/2018;M;67,18;Sim
1045;Danton 1045;23/10/2018;M;655,07;Sim
1046;Danton 1046;23/10/2018;M;494,77;Sim
1047;Danton 1047;23/10/2018;M;773,83;Sim
1048;Danton 1048;23/10/2018;M;300,30;Sim
1049;Danton 1049;23/10/2018;M;97,30;Não
1050;Danton 1050;23/10/2018;M;829,20;Sim
1051;Danton 1051;23/10/2018;M;283,30;Sim
1052;Danton 1052;23/10/2018;M;301,74;Sim
1053;Danton 1053;23/10/2018;M;417,51;Sim
1054;Danton 1054;23/10/2018;M;492,78;Sim
1055;Danton 1055;23/10/2018;M;807,56;Não
1056;Danton 1056;23/10/2018;M;84,01;Sim
1057;Danton 1057;23/10/2018;M;235,42;Sim
1058;Danton 1058;23/10/2018;M;118,29;Sim
1059;Danton 1059;23/10/2018;M;493,44;Sim
1060;Danton 1060;23/10/2018;M;402,70;Não
1061;Danton 1061;23/10/2018;M;891,27;Não
1062;Danton 1062;23/10/2018;M;929,79;Não
1063;Danton 1063;23/10/2018;M;1.019,44;Sim
1064;Danton 1064;23/10/2018;M;523,67;Sim
1065;Danton 1065;23/10/2018;M;529,77;Não
1066;Danton 1066;23/10/2018;M;823,45;Não
1067;Danton 1067;23/10/2018;M;845,52;Não
1068;Danton 1068;23/10/2018;M;143,86;Sim
1069;Danton 1069;23/10/2018;M;510,25;Sim
1070;Danton 1070;23/10/2018;M;676,44;Sim
1071;Danton 1071;23/10/2018;M;243,41;Não
1072;Danton 1072;23/10/2018;M;722,60;Não
1073;Danton 1073;23/10/2018;M;900,97;Não
1074;Danton 1074;23/10/2018;M;315,75;Sim
1075;Danton 1075;23/10/2018;M;316,42;Sim
1076;Danton 1076;23/10/2018;M;528,47;Não
1077;Danton 1077;23/10/2018;M;154,12;Não
1078;Danton 1078;23/10/2018;M;957,49;Não
1079;Danton 1079;23/10/2018;M;607,93;Sim
1080;Danton 1080;23/10/2018;M;487,82;Sim
1081;Danton 1081;23/10/2018;M;732,34;Não
1082;Danton 1082;23/10/2018;M;326,66;Sim
1083;Danton 1083;23/10/2018;M;309,45;Não
1084;Danton 1084;23/10/2018;M;763,38;Sim
1085;Danton 1085;23/10/2018;M;1.078,08;Sim
1086;Danton 1086;23/10/2018;M;192,14;Não
1087;Danton 1087;23/10/2018;M;890,90;Não
1088;Danton 1088;23/10/2018;M;302,16;Não
1089;Danton 1089;23/10/2018;M;833,21;Não
1090;Danton 1090;23/10/2018;M;41,35;Não
1091;Danton 1091;23/10/2018;M;545,00;Sim
1092;Danton 1092;23/10/2018;M;220,35;Sim
1093;Danton 1093;23/10/2018;M;292,04;Não
1094;Danton 1094;23/10/2018;M;435,41;Sim
1095;Danton 1095;23/10/2018;M;393,11;Não
1096;Danton 1096;23/10/2018;M;133,79;Sim
1097;Danton 1097;23/10/2018;M;9,00;Sim
1098;Danton 1098;23/10/2018;M;1.031,49;Não
1099;Danton 1099;23/10/2018;M;403,00;Sim
1100;Danton 1100;23/10/2018;M;696,88;Sim
1101;Danton 1101;23/10/2018;M;328,72;Sim
1102;Danton 1102;23/10/2018;M;129,53;Não
1103;Danton 1103;23/10/2018;M;95,91;Sim
1104;Danton 1104;23/10/2018;M;887,72;Sim
1105;Danton 1105;23/10/2018;M;875,67;Não
1106;Danton 1106;23/10/2018;M;868,27;Sim
1107;Danton 1107;23/10/2018;M;1.022,93;Sim
1108;Danton 1108;23/10/2018;M;677,64;Não
1109;Danton 1109;23/10/2018;M;318,68;Sim
1110;Danton 1110;23/10/2018;M;759,88;Sim
1111;Danton 1111;23/10/2018;M;400,85;Sim
1112;Danton 1112;23/10/2018;M;296,19;Sim
1113;Danton 1113;23/10/2018;M;352,38;Sim
1114;Danton 1114;23/10/2018;M;1.010,50;Sim
1115;Danton 1115;23/10/2018;M;949,27;Não
1116;Danton 1116;23/10/2018;M;716,94;Não
1117;Danton 1117;23/10/2018;M;357,68;Sim
1118;Danton 1118;23/10/2018;M;742,27;Não
1119;Danton 1119;23/10/2018;M;311,96;Não
1120;Danton 1120;23/10/2018;M;324,48;Sim
1121;Danton 1121;23/10/2018;M;480,87;Sim
1122;Danton 1122;23/10/2018;M;1.088,26;Sim
1123;Danton 1123;23/10/2018;M;153,86;Sim
1124;Danton 1124;23/10/2018;M;843,14;Não
1125;Danton 1125;23/10/2018;M;165,39;Não
1126;Danton 1126;23/10/2018;M;96,29;Não
1127;Danton 1127;23/10/2018;M;955,49;Não
1128;Danton 1128;23/10/2018;M;169,07;Sim
1129;Danton 1129;23/10/2018;M;528,55;Não
1130;Danton 1130;23/10/2018;M;921,11;Sim
1131;Danton 1131;23/10/2018;M;987,07;Sim
1132;Danton 1132;23/10/2018;M;329,60;Não
1133;Danton 1133;23/10/2018;M;238,97;Não
1134;Danton 1134;23/10/2018;M;11,43;Não
1135;Danton 1135;23/10/2018;M;601,66;Sim
1136;Danton 1136;23/10/2018;M;812,60;Não
1137;Danton 1137;23/10/2018;M;690,80;Não
1138;Danton 1138;23/10/2018;M;993,31;Não
1139;Danton 1139;23/10/2018;M;771,45;Não
1140;Danton 1140;23/10/2018;M;525,02;Não
1141;Danton 1141;23/10/2018;M;493,28;Sim
1142;Danton 1142;23/10/2018;M;1.040,68;Sim
1143;Danton 1143;23/10/2018;M;764,33;Sim
1144;Danton 1144;23/10/2018;M;556,67;Não
1145;Danton 1145;23/10/2018;M;233,32;Não
1146;Danton 1146;23/10/2018;M;732,94;Sim
1147;Danton 1147;23/10/2018;M;285,53;Não
1148;Danton 1148;23/10/2018;M;1.135,69;Não
1149;Danton 1149;23/10/2018;M;283,53;Sim
1150;Danton 1150;23/10/2018;M;430,34;Não
1151;Danton 1151;23/10/2018;M;336,21;Sim
1152;Danton 1152;23/10/2018;M;88,88;Não
1153;Danton 1153;23/10/2018;M;748,15;Sim
1154;Danton 1154;23/10/2018;M;833,61;Não
1155;Danton 1155;23/10/2018;M;631,58;Não
1156;Danton 1156;23/10/2018;M;616,62;Sim
1157;Danton 1157;23/10/2018;M;458,92;Sim
1158;Danton 1158;23/10/2018;M;706,73;Não
1159;Danton 1159;23/10/2018;M;924,23;Sim
1160;Danton 1160;23/10/2018;M;737,04;Sim
1161;Danton 1161;23/10/2018;M;263,21;Sim
1162;Danton 1162;23/10/2018;M;1.103,41;Não
1163;Danton 1163;23/10/2018;M;117,90;Não
1164;Danton 1164;23/10/2018;M;296,02;Não
1165;Danton 1165;23/10/2018;M;1.138,18;Não
1166;Danton 1166;23/10/2018;M;336,63;Sim
1167;Danton 1167;23/10/2018;M;15,08;Não
1168;Danton 1168;23/10/2018;M;827,23;Não
1169;Danton 1169;23/10/2018;M;552,97;Não
1170;Danton 1170;23/10/2018;M;55,91;Não
1171;Danton 1171;23/10/2018;M;1.116,60;Sim
1172;Danton 1172;23/10/2018;M;106,03;Não
1173;Danton 1173;23/10/2018;M;275,56;Sim
1174;Danton 1174;23/10/2018;M;215,98;Não
1175;Danton 1175;23/10/2018;M;163,26;Não
1176;Danton 1176;23/10/2018;M;54,39;Sim
1177;Danton 1177;23/10/2018;M;634,98;Não
1178;Danton 1178;23/10/2018;M;453,82;Sim
1179;Danton 1179;23/10/2018;M;852,31;Sim
1180;Danton 1180;23/10/2018;M;260,35;Sim
1181;Danton 1181;23/10/2018;M;736,15;Sim
1182;Danton 1182;23/10/2018;M;165,75;Não
1183;Danton 1183;23/10/2018;M;80,72;Sim
1184;Danton 1184;23/10/2018;M;1.006,10;Não
1185;Danton 1185;23/10/2018;M;73,05;Sim
1186;Danton 1186;23/10/2018;M;334,17;Sim
1187;Danton 1187;23/10/2018;M;361,75;Não
1188;Danton 1188;23/10/2018;M;259,48;Não
1189;Danton 1189;23/10/2018;M;723,04;Não
1190;Danton 1190;23/10/2018;M;1.013,55;Não
1191;Danton 1191;23/10/2018;M;696,50;Não
1192;Danton 1192;23/10/2018;M;1.140,45;Não
1193;Danton 1193;23/10/2018;M;36,74;Não
1194;Danton 1194;23/10/2018;M;459,61;Sim
1195;Danton 1195;23/10/2018;M;831,75;Sim
1196;Danton 1196;23/10/2018;M;476,29;Sim
1197;Danton 1197;23/10/2018;M;873,27;Não
1198;Danton 1198;23/10/2018;M;1.149,77;Sim
1199;Danton 1199;23/10/2018;M;1.129,36;Sim
1200;Danton 1200;23/10/2018;M;566,56;Não
1201;Danton 1201;23/10/2018;M;203,84;Não
1202;Danton 1202;23/10/2018;M;736,59;Sim
1203;Danton 1203;23/10/2018;M;541,56;Sim
1204;Danton 1204;23/10/2018;M;1.026,68;Sim
1205;Danton 1205;23/10/2018;M;503,16;Sim
1206;Danton 1206;23/10/2018;M;1.165,02;Sim
1207;Danton 1207;23/10/2018;M;384,89;Não
1208;Danton 1208;23/10/2018;M;408,51;Não
1209;Danton 1209;23/10/2018;M;377,70;Não
1210;Danton 1210;23/10/2018;M;197,14;Sim
1211;Danton 1211;23/10/2018;M;316,03;Sim
1212;Danton 1212;23/10/2018;M;825,99;Sim
1213;Danton 1213;23/10/2018;M;73,70;Sim
1214;Danton 1214;23/10/2018;M;561,47;Sim
1215;Danton 1215;23/10/2018;M;797,97;Sim
1216;Danton 1216;23/10/2018;M;421,44;Sim
1217;Danton 1217;23/10/2018;M;349,94;Não
1218;Danton 1218;23/10/2018;M;106,98;Sim
1219;Danton 1219;23/10/2018;M;213,48;Sim
1220;Danton 1220;23/10/2018;M;1.111,93;Não
1221;Danton 1221;23/10/2018;M;1.012,83;Sim
1222;Danton 1222;23/10/2018;M;216,86;Não
1223;Danton 1223;23/10/2018;M;456,21;Não
1224;Danton 1224;23/10/2018;M;112,45;Sim
1225;Danton 1225;23/10/2018;M;987,47;Não
1226;Danton 1226;23/10/2018;M;1.148,65;Sim
1227;Danton 1227;23/10/2018;M;1.145,94;Sim
1228;Danton 1228;23/10/2018;M;746,68;Não
1229;Danton 1229;23/10/2018;M;925,27;Sim
1230;Danton 1230;23/10/2018;M;415,93;Sim
1231;Danton 1231;23/10/2018;M;560,21;Sim
1232;Danton 1232;23/10/2018;M;451,16;Não
1233;Danton 1233;23/10/2018;M;1.051,27;Não
1234;Danton 1234;23/10/2018;M;1.190,43;Não
1235;Danton 1235;23/10/2018;M;1.165,51;Sim
1236;Danton 1236;23/10/2018;M;839,03;Sim
1237;Danton 1237;23/10/2018;M;679,61;Sim
1238;Danton 1238;23/10/2018;M;1.052,00;Sim
1239;Danton 1239;23/10/2018;M;536,12;Sim
1240;Danton 1240;23/10/2018;M;614,47;Sim
1241;Danton 1241;23/10/2018;M;99,99;Não
1242;Danton 1242;23/10/2018;M;503,67;Sim
1243;Danton 1243;23/10/2018;M;466,44;Não
1244;Danton 1244;23/10/2018;M;1.079,05;Sim
1245;Danton 1245;23/10/2018;M;886,41;Não
1246;Danton 1246;23/10/2018;M;985,30;Sim
1247;Danton 1247;23/10/2018;M;909,57;Sim
1248;Danton 1248;23/10/2018;M;146,45;Sim
1249;Danton 1249;23/10/2018;M;888,72;Não
1250;Danton 1250;23/10/2018;M;393,40;Não
1251;Danton 1251;23/10/2018;M;1.115,93;Não
1252;Danton 1252;23/10/2018;M;550,19;Não
1253;Danton 1253;23/10/2018;M;433,99;Não
1254;Danton 1254;23/10/2018;M;908,92;Sim
1255;Danton 1255;23/10/2018;M;1.120,31;Sim
1256;Danton 1256;23/10/2018;M;1.129,80;Não
1257;Danton 1257;23/10/2018;M;551,00;Não
1258;Danton 1258;23/10/2018;M;598,74;Não
1259;Danton 1259;23/10/2018;M;638,94;Não
1260;Danton 1260;23/10/2018;M;75,49;Sim
1261;Danton 1261;23/10/2018;M;332,68;Sim
1262;Danton 1262;23/10/2018;M;415,00;Não
1263;Danton 1263;23/10/2018;M;256,58;Não
1264;Danton 1264;23/10/2018;M;885,95;Sim
1265;Danton 1265;23/10/2018;M;1.052,48;Não
1266;Danton 1266;23/10/2018;M;1.108,09;Não
1267;Danton 1267;23/10/2018;M;90,18;Não
1268;Danton 1268;23/10/2018;M;458,58;Sim
1269;Danton 1269;23/10/2018;M;1.050,20;Não
1270;Danton 1270;23/10/2018;M;1.063,93;Sim
1271;Danton 1271;23/10/2018;M;206,75;Não
1272;Danton 1272;23/10/2018;M;856,15;Não
1273;Danton 1273;23/10/2018;M;958,17;Não
1274;Danton 1274;23/10/2018;M;307,48;Não
1275;Danton 1275;23/10/2018;M;1.126,68;Não
1276;Danton 1276;23/10/2018;M;900,19;Não
1277;Danton 1277;23/10/2018;M;67,91;Sim
1278;Danton 1278;23/10/2018;M;1.029,24;Não
1279;Danton 1279;23/10/2018;M;462,05;Não
1280;Danton 1280;23/10/2018;M;1.028,60;Sim
1281;Danton 1281;23/10/2018;M;338,92;Sim
1282;Danton 1282;23/10/2018;M;195,18;Sim
1283;Danton 1283;23/10/2018;M;1.206,78;Não
1284;Danton 1284;23/10/2018;M;810,93;Não
1285;Danton 1285;23/10/2018;M;594,65;Não
1286;Danton 1286;23/10/2018;M;876,93;Sim
1287;Danton 1287;23/10/2018;M;287,02;Sim
1288;Danton 1288;23/10/2018;M;516,06;Não
1289;Danton 1289;23/10/2018;M;714,79;Não
1290;Danton 1290;23/10/2018;M;268,97;Sim
1291;Danton 1291;23/10/2018;M;394,28;Não
1292;Danton 1292;23/10/2018;M;649,03;Não
1293;Danton 1293;23/10/2018;M;249,88;Não
1294;Danton 1294;23/10/2018;M;915,92;Sim
1295;Danton 1295;23/10/2018;M;169,50;Sim
1296;Danton 1296;23/10/2018;M;24,90;Sim
1297;Danton 1297;23/10/2018;M;460,12;Não
1298;Danton 1298;23/10/2018;M;1.002,93;Não
1299;Danton 1299;23/10/2018;M;144,37;Sim
1300;Danton 1300;23/10/2018;M;1.087,78;Não
1301;Danton 1301;23/10/2018;M;1.116,90;Não
1302;Danton 1302;23/10/2018;M;812,42;Não
1303;Danton 1303;23/10/2018;M;560,75;Sim
1304;Danton 1304;23/10/2018;M;428,08;Não
1305;Danton 1305;23/10/2018;M;482,02;Não
1306;Danton 1306;23/10/2018;M;1.012,53;Não
1307;Danton 1307;23/10/2018;M;903,23;Sim
1308;Danton 1308;23/10/2018;M;1.093,34;Sim
1309;Danton 1309;23/10/2018;M;870,67;Sim
1310;Danton 1310;23/10/2018;M;914,81;Sim
1311;Danton 1311;23/10/2018;M;1.064,59;Não
1312;Danton 1312;23/10/2018;M;551,01;Não
1313;Danton 1313;23/10/2018;M;268,88;Não
1314;Danton 1314;23/10/2018;M;114,57;Sim
1315;Danton 1315;23/10/2018;M;444,80;Sim
1316;Danton 1316;23/10/2018;M;789,72;Não
1317;Danton 1317;23/10/2018;M;372,30;Não
1318;Danton 1318;23/10/2018;M;749,89;Não
1319;Danton 1319;23/10/2018;M;756,11;Sim
1320;Danton 1320;23/10/2018;M;78,78;Não
1321;Danton 1321;23/10/2018;M;401,80;Não
1322;Danton 1322;23/10/2018;M;1.266,82;Sim
1323;Danton 1323;23/10/2018;M;256,63;Sim
1324;Danton 1324;23/10/2018;M;711,55;Não
1325;Danton 1325;23/10/2018;M;1.281,52;Não
1326;Danton 1326;23/10/2018;M;535,10;Sim
1327;Danton 1327;23/10/2018;M;342,75;Não
1328;Danton 1328;23/10/2018;M;501,70;Sim
1329;Danton 1329;23/10/2018;M;512,47;Não
1330;Danton 1330;23/10/2018;M;30,08;Sim
1331;Danton 1331;23/10/2018;M;1.018,41;Não
1332;Danton 1332;23/10/2018;M;617,42;Não
1333;Danton 1333;23/10/2018;M;585,19;Não
1334;Danton 1334;23/10/2018;M;1.167,53;Sim
1335;Danton 1335;23/10/2018;M;237,48;Não
1336;Danton 1336;23/10/2018;M;671,64;Não
1337;Danton 1337;23/10/2018;M;1.182,34;Não
1338;Danton 1338;23/10/2018;M;495,26;Não
1339;Danton 1339;23/10/2018;M;763,94;Não
1340;Danton 1340;23/10/2018;M;1.196,57;Sim
1341;Danton 1341;23/10/2018;M;19,35;Não
1342;Danton 1342;23/10/2018;M;610,34;Não
1343;Danton 1343;23/10/2018;M;412,79;Não
1344;Danton 1344;23/10/2018;M;854,12;Sim
1345;Danton 1345;23/10/2018;M;1.208,84;Sim
1346;Danton 1346;23/10/2018;M;248,33;Sim
1347;Danton 1347;23/10/2018;M;560,29;Sim
1348;Danton 1348;23/10/2018;M;29,47;Sim
1349;Danton 1349;23/10/2018;M;662,67;Não
1350;Danton 1350;23/10/2018;M;701,37;Não
1351;Danton 1351;23/10/2018;M;86,13;Não
1352;Danton 1352;23/10/2018;M;88,71;Não
1353;Danton 1353;23/10/2018;M;190,14;Não
1354;Danton 1354;23/10/2018;M;605,81;Sim
1355;Danton 1355;23/10/2018;M;1.081,81;Sim
1356;Danton 1356;23/10/2018;M;1.223,18;Sim
1357;Danton 1357;23/10/2018;M;390,87;Sim
1358;Danton 1358;23/10/2018;M;1.056,66;Sim
1359;Danton 1359;23/10/2018;M;627,69;Sim
1360;Danton 1360;23/10/2018;M;854,47;Sim
1361;Danton 1361;23/10/2018;M;528,52;Não
1362;Danton 1362;23/10/2018;M;285,49;Sim
1363;Danton 1363;23/10/2018;M;1.279,73;Sim
1364;Danton 1364;23/10/2018;M;418,13;Sim
1365;Danton 1365;23/10/2018;M;461,00;Não
1366;Danton 1366;23/10/2018;M;699,59;Sim
1367;Danton 1367;23/10/2018;M;204,02;Sim
1368;Danton 1368;23/10/2018;M;141,23;Sim
1369;Danton 1369;23/10/2018;M;1.294,69;Sim
1370;Danton 1370;23/10/2018;M;1.271,13;Sim
1371;Danton 1371;23/10/2018;M;1.295,07;Sim
1372;Danton 1372;23/10/2018;M;1.079,07;Sim
1373;Danton 1373;23/10/2018;M;322,20;Não
1374;Danton 1374;23/10/2018;M;184,34;Sim
1375;Danton 1375;23/10/2018;M;1.127,44;Não
1376;Danton 1376;23/10/2018;M;75,41;Não
1377;Danton 1377;23/10/2018;M;830,09;Sim
1378;Danton 1378;23/10/2018;M;507,87;Sim
1379;Danton 1379;23/10/2018;M;826,66;Sim
1380;Danton 1380;23/10/2018;M;578,87;Não
1381;Danton 1381;23/10/2018;M;187,60;Sim
1382;Danton 1382;23/10/2018;M;776,38;Não
1383;Danton 1383;23/10/2018;M;701,72;Sim
1384;Danton 1384;23/10/2018;M;848,98;Não
1385;Danton 1385;23/10/2018;M;833,70;Não
1386;Danton 1386;23/10/2018;M;801,01;Não
1387;Danton 1387;23/10/2018;M;393,76;Não
1388;Danton 1388;23/10/2018;M;1.039,90;Sim
1389;Danton 1389;23/10/2018;M;1.272,24;Não
1390;Danton 1390;23/10/2018;M;1.262,79;Não
1391;Danton 1391;23/10/2018;M;355,99;Não
1392;Danton 1392;23/10/2018;M;972,46;Não
1393;Danton 1393;23/10/2018;M;149,18;Sim
1394;Danton 1394;23/10/2018;M;583,02;Sim
1395;Danton 1395;23/10/2018;M;730,31;Não
1396;Danton 1396;23/10/2018;M;581,78;Sim
1397;Danton 1397;23/10/2018;M;106,58;Sim
1398;Danton 1398;23/10/2018;M;1.385,00;Sim
1399;Danton 1399;23/10/2018;M;939,38;Não
1400;Danton 1400;23/10/2018;M;256,53;Sim
1401;Danton 1401;23/10/2018;M;948,96;Não
1402;Danton 1402;23/10/2018;M;239,22;Sim
1403;Danton 1403;23/10/2018;M;935,26;Sim
1404;Danton 1404;23/10/2018;M;1.380,09;Não
1405;Danton 1405;23/10/2018;M;1.275,44;Sim
1406;Danton 1406;23/10/2018;M;212,78;Não
1407;Danton 1407;23/10/2018;M;1.197,28;Sim
1408;Danton 1408;23/10/2018;M;703,09;Sim
1409;Danton 1409;23/10/2018;M;344,14;Não
1410;Danton 1410;23/10/2018;M;993,26;Não
1411;Danton 1411;23/10/2018;M;268,86;Sim
1412;Danton 1412;23/10/2018;M;624,85;Não
1413;Danton 1413;23/10/2018;M;575,94;Não
1414;Danton 1414;23/10/2018;M;1.272,19;Sim
1415;Danton 1415;23/10/2018;M;269,82;Não
1416;Danton 1416;23/10/2018;M;262,33;Não
1417;Danton 1417;23/10/2018;M;131,77;Não
1418;Danton 1418;23/10/2018;M;1.010,65;Não
1419;Danton 1419;23/10/2018;M;194,56;Não
1420;Danton 1420;23/10/2018;M;1.319,49;Não
1421;Danton 1421;23/10/2018;M;639,35;Sim
1422;Danton 1422;23/10/2018;M;1.234,09;Não
1423;Danton 1423;23/10/2018;M;816,38;Sim
1424;Danton 1424;23/10/2018;M;1.244,76;Não
1425;Danton 1425;23/10/2018;M;495,31;Sim
1426;Danton 1426;23/10/2018;M;733,48;Não
1427;Danton 1427;23/10/2018;M;252,24;Não
1428;Danton 1428;23/10/2018;M;160,98;Sim
1429;Danton 1429;23/10/2018;M;1.015,34;Sim
1430;Danton 1430;23/10/2018;M;834,06;Não
1431;Danton 1431;23/10/2018;M;623,75;Não
1432;Danton 1432;23/10/2018;M;320,64;Sim
1433;Danton 1433;23/10/2018;M;659,00;Não
1434;Danton 1434;23/10/2018;M;1.322,79;Não
1435;Danton 1435;23/10/2018;M;1.150,55;Sim
1436;Danton 1436;23/10/2018;M;1.129,89;Não
1437;Danton 1437;23/10/2018;M;1.214,63;Não
1438;Danton 1438;23/10/2018;M;802,44;Sim
1439;Danton 1439;23/10/2018;M;303,74;Sim
1440;Danton 1440;23/10/2018;M;415,78;Sim
1441;Danton 1441;23/10/2018;M;291,80;Sim
1442;Danton 1442;23/10/2018;M;979,34;Não
1443;Danton 1443;23/10/2018;M;213,98;Não
1444;Danton 1444;23/10/2018;M;215,02;Sim
1445;Danton 1445;23/10/2018;M;610,43;Sim
1446;Danton 1446;23/10/2018;M;281,11;Sim
1447;Danton 1447;23/10/2018;M;947,96;Não
1448;Danton 1448;23/10/2018;M;1.204,28;Não
1449;Danton 1449;23/10/2018;M;964,69;Sim
1450;Danton 1450;23/10/2018;M;1.387,64;Sim
1451;Danton 1451;23/10/2018;M;1.374,47;Sim
1452;Danton 1452;23/10/2018;M;393,43;Não
1453;Danton 1453;23/10/2018;M;158,72;Sim
1454;Danton 1454;23/10/2018;M;9,84;Sim
1455;Danton 1455;23/10/2018;M;798,44;Sim
1456;Danton 1456;23/10/2018;M;114,97;Não
1457;Danton 1457;23/10/2018;M;1.104,96;Não
1458;Danton 1458;23/10/2018;M;621,77;Sim
1459;Danton 1459;23/10/2018;M;152,21;Sim
1460;Danton 1460;23/10/2018;M;382,47;Não
1461;Danton 1461;23/10/2018;M;893,80;Sim
1462;Danton 1462;23/10/2018;M;964,81;Sim
1463;Danton 1463;23/10/2018;M;408,79;Sim
1464;Danton 1464;23/10/2018;M;608,28;Sim
1465;Danton 1465;23/10/2018;M;1.043,29;Sim
1466;Danton 1466;23/10/2018;M;571,84;Sim
1467;Danton 1467;23/10/2018;M;599,40;Não
1468;Danton 1468;23/10/2018;M;912,70;Não
1469;Danton 1469;23/10/2018;M;1.277,08;Não
1470;Danton 1470;23/10/2018;M;476,20;Não
1471;Danton 1471;23/10/2018;M;1.179,71;Não
1472;Danton 1472;23/10/2018;M;768,23;Sim
1473;Danton 1473;23/10/2018;M;133,35;Sim
1474;Danton 1474;23/10/2018;M;711,81;Sim
1475;Danton 1475;23/10/2018;M;1.283,69;Sim
1476;Danton 1476;23/10/2018;M;422,15;Não
1477;Danton 1477;23/10/2018;M;3,57;Sim
1478;Danton 1478;23/10/2018;M;1.249,35;Não
1479;Danton 1479;23/10/2018;M;707,51;Não
1480;Danton 1480;23/10/2018;M;670,31;Sim
1481;Danton 1481;23/10/2018;M;1.186,48;Sim
1482;Danton 1482;23/10/2018;M;651,23;Não
1483;Danton 1483;23/10/2018;M;277,91;Não
1484;Danton 1484;23/10/2018;M;1.280,90;Não
1485;Danton 1485;23/10/2018;M;764,04;Sim
1486;Danton 1486;23/10/2018;M;348,37;Sim
1487;Danton 1487;23/10/2018;M;440,34;Sim
1488;Danton 1488;23/10/2018;M;233,91;Sim
1489;Danton 1489;23/10/2018;M;911,41;Sim
1490;Danton 1490;23/10/2018;M;635,86;Não
1491;Danton 1491;23/10/2018;M;1.254,00;Não
1492;Danton 1492;23/10/2018;M;838,61;Não
1493;Danton 1493;23/10/2018;M;370,44;Não
1494;Danton 1494;23/10/2018;M;1.448,85;Não
1495;Danton 1495;23/10/2018;M;1.443,90;Sim
1496;Danton 1496;23/10/2018;M;1.404,02;Sim
1497;Danton 1497;23/10/2018;M;1.006,56;Sim
1498;Danton 1498;23/10/2018;M;665,71;Não
1499;Danton 1499;23/10/2018;M;479,71;Não
1500;Danton 1500;23/10/2018;M;467,64;Sim
1501;Danton 1501;23/10/2018;M;892,23;Sim
1502;Danton 1502;23/10/2018;M;928,42;Não
1503;Danton 1503;23/10/2018;M;597,32;Não
1504;Danton 1504;23/10/2018;M;539,02;Não
1505;Danton 1505;23/10/2018;M;806,65;Não
1506;Danton 1506;23/10/2018;M;437,23;Sim
1507;Danton 1507;23/10/2018;M;1.467,78;Sim
1508;Danton 1508;23/10/2018;M;862,54;Sim
1509;Danton 1509;23/10/2018;M;689,52;Não
1510;Danton 1510;23/10/2018;M;409,84;Não
1511;Danton 1511;23/10/2018;M;83,92;Sim
1512;Danton 1512;23/10/2018;M;121,12;Não
1513;Danton 1513;23/10/2018;M;287,47;Sim
1514;Danton 1514;23/10/2018;M;898,49;Sim
1515;Danton 1515;23/10/2018;M;1.508,48;Sim
1516;Danton 1516;23/10/2018;M;508,71;Sim
1517;Danton 1517;23/10/2018;M;711,60;Não
1518;Danton 1518;23/10/2018;M;455,36;Sim
1519;Danton 1519;23/10/2018;M;1.053,58;Sim
1520;Danton 1520;23/10/2018;M;234,32;Sim
1521;Danton 1521;23/10/2018;M;892,40;Não
1522;Danton 1522;23/10/2018;M;627,97;Não
1523;Danton 1523;23/10/2018;M;49,04;Não
1524;Danton 1524;23/10/2018;M;1.252,81;Sim
1525;Danton 1525;23/10/2018;M;1.472,58;Sim
1526;Danton 1526;23/10/2018;M;1.407,13;Sim
1527;Danton 1527;23/10/2018;M;1.476,43;Sim
1528;Danton 1528;23/10/2018;M;374,45;Sim
1529;Danton 1529;23/10/2018;M;274,41;Sim
1530;Danton 1530;23/10/2018;M;1.379,63;Não
1531;Danton 1531;23/10/2018;M;1.415,77;Não
1532;Danton 1532;23/10/2018;M;555,67;Sim
1533;Danton 1533;23/10/2018;M;319,03;Sim
1534;Danton 1534;23/10/2018;M;138,19;Não
1535;Danton 1535;23/10/2018;M;651,68;Não
1536;Danton 1536;23/10/2018;M;460,22;Não
1537;Danton 1537;23/10/2018;M;1.479,30;Sim
1538;Danton 1538;23/10/2018;M;833,17;Sim
1539;Danton 1539;23/10/2018;M;119,65;Sim
1540;Danton 1540;23/10/2018;M;1.504,55;Não
1541;Danton 1541;23/10/2018;M;561,01;Não
1542;Danton 1542;23/10/2018;M;297,02;Não
1543;Danton 1543;23/10/2018;M;587,03;Sim
1544;Danton 1544;23/10/2018;M;241,76;Não
1545;Danton 1545;23/10/2018;M;794,96;Sim
1546;Danton 1546;23/10/2018;M;677,95;Sim
1547;Danton 1547;23/10/2018;M;1.479,97;Não
1548;Danton 1548;23/10/2018;M;217,24;Sim
1549;Danton 1549;23/10/2018;M;1.146,59;Não
1550;Danton 1550;23/10/2018;M;114,18;Sim
1551;Danton 1551;23/10/2018;M;252,79;Sim
1552;Danton 1552;23/10/2018;M;927,56;Sim
1553;Danton 1553;23/10/2018;M;849,19;Não
1554;Danton 1554;23/10/2018;M;291,52;Não
1555;Danton 1555;23/10/2018;M;333,86;Não
1556;Danton 1556;23/10/2018;M;378,96;Sim
1557;Danton 1557;23/10/2018;M;1.198,29;Sim
1558;Danton 1558;23/10/2018;M;1.351,81;Não
1559;Danton 1559;23/10/2018;M;380,00;Sim
1560;Danton 1560;23/10/2018;M;530,41;Não
1561;Danton 1561;23/10/2018;M;708,96;Não
1562;Danton 1562;23/10/2018;M;1.257,30;Sim
1563;Danton 1563;23/10/2018;M;1.482,37;Não
1564;Danton 1564;23/10/2018;M;380,58;Não
1565;Danton 1565;23/10/2018;M;395,30;Sim
1566;Danton 1566;23/10/2018;M;236,70;Não
1567;Danton 1567;23/10/2018;M;1.167,61;Não
1568;Danton 1568;23/10/2018;M;737,15;Não
1569;Danton 1569;23/10/2018;M;581,76;Sim
1570;Danton 1570;23/10/2018;M;352,24;Não
1571;Danton 1571;23/10/2018;M;914,87;Sim
1572;Danton 1572;23/10/2018;M;7,00;Sim
1573;Danton 1573;23/10/2018;M;553,15;Não
1574;Danton 1574;23/10/2018;M;1.433,71;Sim
1575;Danton 1575;23/10/2018;M;1.302,29;Não
1576;Danton 1576;23/10/2018;M;1.290,87;Não
1577;Danton 1577;23/10/2018;M;361,81;Não
1578;Danton 1578;23/10/2018;M;1.359,14;Sim
1579;Danton 1579;23/10/2018;M;1.393,37;Não
1580;Danton 1580;23/10/2018;M;1.316,39;Não
1581;Danton 1581;23/10/2018;M;1.328,57;Sim
1582;Danton 1582;23/10/2018;M;1.310,18;Sim
1583;Danton 1583;23/10/2018;M;714,48;Não
1584;Danton 1584;23/10/2018;M;1.234,30;Sim
1585;Danton 1585;23/10/2018;M;514,71;Não
1586;Danton 1586;23/10/2018;M;1.178,32;Sim
1587;Danton 1587;23/10/2018;M;949,63;Sim
1588;Danton 1588;23/10/2018;M;1.114,93;Não
1589;Danton 1589;23/10/2018;M;168,24;Sim
1590;Danton 1590;23/10/2018;M;604,07;Sim
1591;Danton 1591;23/10/2018;M;44,69;Sim
1592;Danton 1592;23/10/2018;M;99,13;Sim
1593;Danton 1593;23/10/2018;M;1.402,49;Não
1594;Danton 1594;23/10/2018;M;1.123,47;Sim
1595;Danton 1595;23/10/2018;M;374,71;Sim
1596;Danton 1596;23/10/2018;M;1.063,88;Não
1597;Danton 1597;23/10/2018;M;648,17;Sim
1598;Danton 1598;23/10/2018;M;408,57;Não
1599;Danton 1599;23/10/2018;M;698,48;Não
1600;Danton 1600;23/10/2018;M;1.438,01;Sim
1601;Danton 1601;23/10/2018;M;192,50;Não
1602;Danton 1602;23/10/2018;M;246,18;Não
1603;Danton 1603;23/10/2018;M;724,61;Não
1604;Danton 1604;23/10/2018;M;1.559,64;Sim
1605;Danton 1605;23/10/2018;M;1.410,41;Não
1606;Danton 1606;23/10/2018;M;949,91;Não
1607;Danton 1607;23/10/2018;M;1.494,00;Sim
1608;Danton 1608;23/10/2018;M;287,85;Sim
1609;Danton 1609;23/10/2018;M;552,11;Sim
1610;Danton 1610;23/10/2018;M;1.444,15;Sim
1611;Danton 1611;23/10/2018;M;956,87;Sim
1612;Danton 1612;23/10/2018;M;571,53;Não
1613;Danton 1613;23/10/2018;M;1.303,82;Sim
1614;Danton 1614;23/10/2018;M;839,04;Sim
1615;Danton 1615;23/10/2018;M;665,77;Sim
1616;Danton 1616;23/10/2018;M;57,21;Não
1617;Danton 1617;23/10/2018;M;811,73;Sim
1618;Danton 1618;23/10/2018;M;871,57;Sim
1619;Danton 1619;23/10/2018;M;1.371,70;Não
1620;Danton 1620;23/10/2018;M;45,95;Não
1621;Danton 1621;23/10/2018;M;1.040,62;Não
1622;Danton 1622;23/10/2018;M;869,91;Não
1623;Danton 1623;23/10/2018;M;979,37;Sim
1624;Danton 1624;23/10/2018;M;594,48;Sim
1625;Danton 1625;23/10/2018;M;1.278,06;Sim
1626;Danton 1626;23/10/2018;M;1.530,49;Sim
1627;Danton 1627;23/10/2018;M;858,48;Não
1628;Danton 1628;23/10/2018;M;1.417,78;Sim
1629;Danton 1629;23/10/2018;M;428,40;Sim
1630;Danton 1630;23/10/2018;M;297,12;Não
1631;Danton 1631;23/10/2018;M;936,88;Sim
1632;Danton 1632;23/10/2018;M;1.305,63;Sim
1633;Danton 1633;23/10/2018;M;1.159,10;Sim
1634;Danton 1634;23/10/2018;M;415,91;Sim
1635;Danton 1635;23/10/2018;M;1.628,23;Sim
1636;Danton 1636;23/10/2018;M;481,58;Não
1637;Danton 1637;23/10/2018;M;27,42;Não
1638;Danton 1638;23/10/2018;M;891,61;Não
1639;Danton 1639;23/10/2018;M;272,65;Não
1640;Danton 1640;23/10/2018;M;990,09;Não
1641;Danton 1641;23/10/2018;M;326,80;Não
1642;Danton 1642;23/10/2018;M;17,24;Sim
1643;Danton 1643;23/10/2018;M;1.153,89;Sim
1644;Danton 1644;23/10/2018;M;511,45;Sim
1645;Danton 1645;23/10/2018;M;1.629,71;Não
1646;Danton 1646;23/10/2018;M;115,09;Não
1647;Danton 1647;23/10/2018;M;1.296,19;Sim
1648;Danton 1648;23/10/2018;M;47,68;Não
1649;Danton 1649;23/10/2018;M;313,96;Sim
1650;Danton 1650;23/10/2018;M;1.294,93;Não
1651;Danton 1651;23/10/2018;M;1.421,04;Não
1652;Danton 1652;23/10/2018;M;478,12;Não
1653;Danton 1653;23/10/2018;M;80,00;Sim
1654;Danton 1654;23/10/2018;M;330,02;Sim
1655;Danton 1655;23/10/2018;M;142,92;Não
1656;Danton 1656;23/10/2018;M;997,15;Não
1657;Danton 1657;23/10/2018;M;375,16;Sim
1658;Danton 1658;23/10/2018;M;1.532,91;Não
1659;Danton 1659;23/10/2018;M;415,82;Não
1660;Danton 1660;23/10/2018;M;1.496,13;Não
1661;Danton 1661;23/10/2018;M;194,84;Sim
1662;Danton 1662;23/10/2018;M;523,76;Não
1663;Danton 1663;23/10/2018;M;18,44;Não
1664;Danton 1664;23/10/2018;M;1.423,12;Sim
1665;Danton 1665;23/10/2018;M;931,43;Não
1666;Danton 1666;23/10/2018;M;1.403,63;Sim
1667;Danton 1667;23/10/2018;M;1.081,72;Sim
1668;Danton 1668;23/10/2018;M;1.269,75;Não
1669;Danton 1669;23/10/2018;M;384,90;Sim
1670;Danton 1670;23/10/2018;M;843,61;Sim
1671;Danton 1671;23/10/2018;M;1.233,08;Sim
1672;Danton 1672;23/10/2018;M;1.668,12;Sim
1673;Danton 1673;23/10/2018;M;430,32;Não
1674;Danton 1674;23/10/2018;M;632,39;Sim
1675;Danton 1675;23/10/2018;M;653,07;Sim
1676;Danton 1676;23/10/2018;M;430,31;Sim
1677;Danton 1677;23/10/2018;M;1.380,12;Não
1678;Danton 1678;23/10/2018;M;1.083,60;Não
1679;Danton 1679;23/10/2018;M;1.655,41;Não
1680;Danton 1680;23/10/2018;M;50,50;Sim
1681;Danton 1681;23/10/2018;M;1.367,19;Não
1682;Danton 1682;23/10/2018;M;1.215,64;Não
1683;Danton 1683;23/10/2018;M;933,81;Sim
1684;Danton 1684;23/10/2018;M;117,82;Não
1685;Danton 1685;23/10/2018;M;1.314,24;Não
1686;Danton 1686;23/10/2018;M;503,55;Não
1687;Danton 1687;23/10/2018;M;350,50;Sim
1688;Danton 1688;23/10/2018;M;1.348,84;Sim
1689;Danton 1689;23/10/2018;M;1.285,33;Não
1690;Danton 1690;23/10/2018;M;704,02;Não
1691;Danton 1691;23/10/2018;M;490,37;Não
1692;Danton 1692;23/10/2018;M;1.507,38;Não
1693;Danton 1693;23/10/2018;M;1.255,72;Sim
1694;Danton 1694;23/10/2018;M;1.567,23;Não
1695;Danton 1695;23/10/2018;M;270,58;Sim
1696;Danton 1696;23/10/2018;M;837,61;Não
1697;Danton 1697;23/10/2018;M;1.342,75;Sim
1698;Danton 1698;23/10/2018;M;1.536,88;Não
1699;Danton 1699;23/10/2018;M;1.280,26;Sim
1700;Danton 1700;23/10/2018;M;1.397,32;Não
1701;Danton 1701;23/10/2018;M;272,56;Não
1702;Danton 1702;23/10/2018;M;1.560,38;Não
1703;Danton 1703;23/10/2018;M;596,82;Sim
1704;Danton 1704;23/10/2018;M;142,85;Não
1705;Danton 1705;23/10/2018;M;1.491,23;Não
1706;Danton 1706;23/10/2018;M;284,88;Não
1707;Danton 1707;23/10/2018;M;327,29;Sim
1708;Danton 1708;23/10/2018;M;1.663,55;Sim
1709;Danton 1709;23/10/2018;M;1.043,78;Não
1710;Danton 1710;23/10/2018;M;1.611,17;Não
1711;Danton 1711;23/10/2018;M;1.488,01;Sim
1712;Danton 1712;23/10/2018;M;338,57;Sim
1713;Danton 1713;23/10/2018;M;1.519,43;Não
1714;Danton 1714;23/10/2018;M;1.553,56;Não
1715;Danton 1715;23/10/2018;M;1.103,84;Não
1716;Danton 1716;23/10/2018;M;1.293,14;Sim
1717;Danton 1717;23/10/2018;M;1.471,33;Sim
1718;Danton 1718;23/10/2018;M;189,97;Sim
1719;Danton 1719;23/10/2018;M;161,80;Não
1720;Danton 1720;23/10/2018;M;1.624,47;Sim
1721;Danton 1721;23/10/2018;M;411,79;Não
1722;Danton 1722;23/10/2018;M;1.398,48;Sim
1723;Danton 1723;23/10/2018;M;1.335,25;Não
1724;Danton 1724;23/10/2018;M;589,50;Sim
1725;Danton 1725;23/10/2018;M;293,14;Sim
1726;Danton 1726;23/10/2018;M;779,03;Sim
1727;Danton 1727;23/10/2018;M;1.336,23;Sim
1728;Danton 1728;23/10/2018;M;301,94;Não
1729;Danton 1729;23/10/2018;M;18,86;Não
1730;Danton 1730;23/10/2018;M;662,60;Sim
1731;Danton 1731;23/10/2018;M;589,72;Sim
1732;Danton 1732;23/10/2018;M;1.498,20;Não
1733;Danton 1733;23/10/2018;M;695,94;Sim
1734;Danton 1734;23/10/2018;M;364,85;Não
1735;Danton 1735;23/10/2018;M;1.728,30;Sim
1736;Danton 1736;23/10/2018;M;1.188,77;Não
1737;Danton 1737;23/10/2018;M;151,84;Não
1738;Danton 1738;23/10/2018;M;1.424,83;Não
1739;Danton 1739;23/10/2018;M;1.350,67;Sim
1740;Danton 1740;23/10/2018;M;1.313,92;Sim
1741;Danton 1741;23/10/2018;M;541,70;Sim
1742;Danton 1742;23/10/2018;M;805,98;Não
1743;Danton 1743;23/10/2018;M;924,25;Sim
1744;Danton 1744;23/10/2018;M;1.501,56;Sim
1745;Danton 1745;23/10/2018;M;1.399,07;Sim
1746;Danton 1746;23/10/2018;M;844,25;Não
1747;Danton 1747;23/10/2018;M;734,15;Não
1748;Danton 1748;23/10/2018;M;1.405,39;Não
1749;Danton 1749;23/10/2018;M;1.130,34;Sim
1750;Danton 1750;23/10/2018;M;946,87;Não
1751;Danton 1751;23/10/2018;M;85,32;Não
1752;Danton 1752;23/10/2018;M;466,37;Não
1753;Danton 1753;23/10/2018;M;1.016,11;Não
1754;Danton 1754;23/10/2018;M;736,80;Não
1755;Danton 1755;23/10/2018;M;1.508,10;Não
1756;Danton 1756;23/10/2018;M;714,94;Não
1757;Danton 1757;23/10/2018;M;839,36;Não
1758;Danton 1758;23/10/2018;M;1.374,62;Não
1759;Danton 1759;23/10/2018;M;1.282,66;Sim
1760;Danton 1760;23/10/2018;M;1.174,32;Não
1761;Danton 1761;23/10/2018;M;156,23;Não
1762;Danton 1762;23/10/2018;M;795,22;Não
1763;Danton 1763;23/10/2018;M;1.606,15;Não
1764;Danton 1764;23/10/2018;M;881,43;Não
1765;Danton 1765;23/10/2018;M;508,31;Não
1766;Danton 1766;23/10/2018;M;153,23;Não
1767;Danton 1767;23/10/2018;M;1.298,15;Não
1768;Danton 1768;23/10/2018;M;7,09;Não
1769;Danton 1769;23/10/2018;M;692,85;Sim
1770;Danton 1770;23/10/2018;M;588,84;Não
1771;Danton 1771;23/10/2018;M;1.290,60;Sim
1772;Danton 1772;23/10/2018;M;1.211,33;Não
1773;Danton 1773;23/10/2018;M;556,53;Sim
1774;Danton 1774;23/10/2018;M;1.420,15;Sim
1775;Danton 1775;23/10/2018;M;128,82;Não
1776;Danton 1776;23/10/2018;M;1.420,68;Não
1777;Danton 1777;23/10/2018;M;1.071,94;Sim
1778;Danton 1778;23/10/2018;M;848,03;Sim
1779;Danton 1779;23/10/2018;M;957,44;Não
1780;Danton 1780;23/10/2018;M;82,49;Sim
1781;Danton 1781;23/10/2018;M;1.145,23;Sim
1782;Danton 1782;23/10/2018;M;723,80;Sim
1783;Danton 1783;23/10/2018;M;593,61;Não
1784;Danton 1784;23/10/2018;M;916,46;Não
1785;Danton 1785;23/10/2018;M;983,81;Sim
1786;Danton 1786;23/10/2018;M;1.330,01;Sim
1787;Danton 1787;23/10/2018;M;898,06;Sim
1788;Danton 1788;23/10/2018;M;305,59;Não
1789;Danton 1789;23/10/2018;M;1.009,26;Não
1790;Danton 1790;23/10/2018;M;958,86;Não
1791;Danton 1791;23/10/2018;M;1.442,16;Não
1792;Danton 1792;23/10/2018;M;596,09;Não
1793;Danton 1793;23/10/2018;M;1.687,14;Não
1794;Danton 1794;23/10/2018;M;1.436,74;Não
1795;Danton 1795;23/10/2018;M;388,31;Sim
1796;Danton 1796;23/10/2018;M;1.503,69;Não
1797;Danton 1797;23/10/2018;M;1.206,57;Sim
1798;Danton 1798;23/10/2018;M;1.433,86;Sim
1799;Danton 1799;23/10/2018;M;853,40;Não
1800;Danton 1800;23/10/2018;M;1.633,01;Não
1801;Danton 1801;23/10/2018;M;945,01;Não
1802;Danton 1802;23/10/2018;M;969,48;Sim
1803;Danton 1803;23/10/2018;M;591,74;Sim
1804;Danton 1804;23/10/2018;M;1.650,86;Sim
1805;Danton 1805;23/10/2018;M;401,95;Não
1806;Danton 1806;23/10/2018;M;1.662,05;Não
1807;Danton 1807;23/10/2018;M;714,58;Sim
1808;Danton 1808;23/10/2018;M;953,28;Não
1809;Danton 1809;23/10/2018;M;1.399,55;Sim
1810;Danton 1810;23/10/2018;M;119,06;Não
1811;Danton 1811;23/10/2018;M;1.435,66;Não
1812;Danton 1812;23/10/2018;M;1.718,44;Sim
1813;Danton 1813;23/10/2018;M;455,81;Não
1814;Danton 1814;23/10/2018;M;1.294,08;Não
1815;Danton 1815;23/10/2018;M;1.719,53;Sim
1816;Danton 1816;23/10/2018;M;434,49;Sim
1817;Danton 1817;23/10/2018;M;1.007,99;Não
1818;Danton 1818;23/10/2018;M;1.394,17;Não
1819;Danton 1819;23/10/2018;M;456,79;Sim
1820;Danton 1820;23/10/2018;M;1.693,71;Sim
1821;Danton 1821;23/10/2018;M;1.698,66;Sim
1822;Danton 1822;23/10/2018;M;625,23;Não
1823;Danton 1823;23/10/2018;M;848,88;Sim
1824;Danton 1824;23/10/2018;M;739,35;Sim
1825;Danton 1825;23/10/2018;M;567,81;Não
1826;Danton 1826;23/10/2018;M;1.678,76;Não
1827;Danton 1827;23/10/2018;M;74,16;Não
1828;Danton 1828;23/10/2018;M;1.411,66;Sim
1829;Danton 1829;23/10/2018;M;1.287,12;Sim
1830;Danton 1830;23/10/2018;M;779,99;Sim
1831;Danton 1831;23/10/2018;M;1.379,82;Sim
1832;Danton 1832;23/10/2018;M;372,86;Sim
1833;Danton 1833;23/10/2018;M;451,71;Não
1834;Danton 1834;23/10/2018;M;706,94;Não
1835;Danton 1835;23/10/2018;M;611,00;Não
1836;Danton 1836;23/10/2018;M;1.760,70;Não
1837;Danton 1837;23/10/2018;M;1.169,04;Sim
1838;Danton 1838;23/10/2018;M;806,65;Sim
1839;Danton 1839;23/10/2018;M;1.789,36;Sim
1840;Danton 1840;23/10/2018;M;1.047,66;Sim
1841;Danton 1841;23/10/2018;M;24,13;Sim
1842;Danton 1842;23/10/2018;M;1.596,43;Sim
1843;Danton 1843;23/10/2018;M;1.662,43;Não
1844;Danton 1844;23/10/2018;M;1.662,77;Sim
1845;Danton 1845;23/10/2018;M;1.044,55;Sim
1846;Danton 1846;23/10/2018;M;1.740,62;Sim
1847;Danton 1847;23/10/2018;M;763,54;Não
1848;Danton 1848;23/10/2018;M;146,20;Sim
1849;Danton 1849;23/10/2018;M;748,00;Não
1850;Danton 1850;23/10/2018;M;416,96;Sim
1851;Danton 1851;23/10/2018;M;36,48;Sim
1852;Danton 1852;23/10/2018;M;884,88;Sim
1853;Danton 1853;23/10/2018;M;876,76;Sim
1854;Danton 1854;23/10/2018;M;237,22;Sim
1855;Danton 1855;23/10/2018;M;1.187,51;Não
1856;Danton 1856;23/10/2018;M;508,69;Não
1857;Danton 1857;23/10/2018;M;1.023,54;Sim
1858;Danton 1858;23/10/2018;M;692,60;Não
1859;Danton 1859;23/10/2018;M;1.824,38;Sim
1860;Danton 1860;23/10/2018;M;490,57;Sim
1861;Danton 1861;23/10/2018;M;1.149,77;Não
1862;Danton 1862;23/10/2018;M;316,64;Sim
1863;Danton 1863;23/10/2018;M;972,11;Sim
1864;Danton 1864;23/10/2018;M;1.727,35;Não
1865;Danton 1865;23/10/2018;M;224,65;Não
1866;Danton 1866;23/10/2018;M;416,54;Sim
1867;Danton 1867;23/10/2018;M;1.418,60;Não
1868;Danton 1868;23/10/2018;M;1.792,07;Sim
1869;Danton 1869;23/10/2018;M;1.738,69;Sim
1870;Danton 1870;23/10/2018;M;1.695,79;Não
1871;Danton 1871;23/10/2018;M;1.189,70;Não
1872;Danton 1872;23/10/2018;M;1.399,65;Sim
1873;Danton 1873;23/10/2018;M;38,81;Sim
1874;Danton 1874;23/10/2018;M;403,20;Não
1875;Danton 1875;23/10/2018;M;540,61;Sim
1876;Danton 1876;23/10/2018;M;943,97;Não
1877;Danton 1877;23/10/2018;M;288,53;Sim
1878;Danton 1878;23/10/2018;M;617,75;Sim
1879;Danton 1879;23/10/2018;M;1.040,91;Sim
1880;Danton 1880;23/10/2018;M;65,53;Sim
1881;Danton 1881;23/10/2018;M;205,05;Sim
1882;Danton 1882;23/10/2018;M;1.690,25;Sim
1883;Danton 1883;23/10/2018;M;1.642,88;Não
1884;Danton 1884;23/10/2018;M;714,97;Não
1885;Danton 1885;23/10/2018;M;455,50;Não
1886;Danton 1886;23/10/2018;M;731,65;Sim
1887;Danton 1887;23/10/2018;M;954,10;Não
1888;Danton 1888;23/10/2018;M;1.440,92;Sim
1889;Danton 1889;23/10/2018;M;760,84;Não
1890;Danton 1890;23/10/2018;M;163,35;Não
1891;Danton 1891;23/10/2018;M;436,91;Não
1892;Danton 1892;23/10/2018;M;1.166,55;Não
1893;Danton 1893;23/10/2018;M;963,58;Sim
1894;Danton 1894;23/10/2018;M;1.175,43;Sim
1895;Danton 1895;23/10/2018;M;1.745,19;Sim
1896;Danton 1896;23/10/2018;M;1.168,70;Sim
1897;Danton 1897;23/10/2018;M;560,46;Sim
1898;Danton 1898;23/10/2018;M;150,35;Sim
1899;Danton 1899;23/10/2018;M;1.264,06;Não
1900;Danton 1900;23/10/2018;M;1.855,20;Sim
1901;Danton 1901;23/10/2018;M;70,98;Sim
1902;Danton 1902;23/10/2018;M;170,54;Sim
1903;Danton 1903;23/10/2018;M;670,60;Não
1904;Danton 1904;23/10/2018;M;875,41;Não
1905;Danton 1905;23/10/2018;M;525,76;Sim
1906;Danton 1906;23/10/2018;M;851,51;Não
1907;Danton 1907;23/10/2018;M;1.638,82;Não
1908;Danton 1908;23/10/2018;M;1.594,96;Não
1909;Danton 1909;23/10/2018;M;1.591,29;Sim
1910;Danton 1910;23/10/2018;M;269,05;Não
1911;Danton 1911;23/10/2018;M;526,03;Não
1912;Danton 1912;23/10/2018;M;1.442,81;Sim
1913;Danton 1913;23/10/2018;M;1.247,85;Sim
1914;Danton 1914;23/10/2018;M;1.690,67;Não
1915;Danton 1915;23/10/2018;M;1.540,26;Sim
1916;Danton 1916;23/10/2018;M;497,05;Sim
1917;Danton 1917;23/10/2018;M;465,93;Sim
1918;Danton 1918;23/10/2018;M;913,92;Sim
1919;Danton 1919;23/10/2018;M;512,81;Sim
1920;Danton 1920;23/10/2018;M;794,70;Não
1921;Danton 1921;23/10/2018;M;1.495,56;Não
1922;Danton 1922;23/10/2018;M;1.203,95;Sim
1923;Danton 1923;23/10/2018;M;688,40;Sim
1924;Danton 1924;23/10/2018;M;1.467,16;Sim
1925;Danton 1925;23/10/2018;M;223,78;Sim
1926;Danton 1926;23/10/2018;M;87,34;Sim
1927;Danton 1927;23/10/2018;M;128,47;Não
1928;Danton 1928;23/10/2018;M;1.155,90;Sim
1929;Danton 1929;23/10/2018;M;552,34;Não
1930;Danton 1930;23/10/2018;M;1.818,72;Sim
1931;Danton 1931;23/10/2018;M;1.793,19;Não
1932;Danton 1932;23/10/2018;M;517,24;Sim
1933;Danton 1933;23/10/2018;M;443,56;Sim
1934;Danton 1934;23/10/2018;M;481,54;Não
1935;Danton 1935;23/10/2018;M;19,28;Sim
1936;Danton 1936;23/10/2018;M;1.860,06;Não
1937;Danton 1937;23/10/2018;M;1.588,31;Sim
1938;Danton 1938;23/10/2018;M;345,61;Não
1939;Danton 1939;23/10/2018;M;1.530,90;Não
1940;Danton 1940;23/10/2018;M;1.456,52;Sim
1941;Danton 1941;23/10/2018;M;891,72;Não
1942;Danton 1942;23/10/2018;M;1.873,15;Sim
1943;Danton 1943;23/10/2018;M;675,63;Sim
1944;Danton 1944;23/10/2018;M;1.582,99;Sim
1945;Danton 1945;23/10/2018;M;1.508,24;Sim
1946;Danton 1946;23/10/2018;M;1.714,21;Sim
1947;Danton 1947;23/10/2018;M;1.016,48;Não
1948;Danton 1948;23/10/2018;M;154,36;Não
1949;Danton 1949;23/10/2018;M;412,62;Sim
1950;Danton 1950;23/10/2018;M;1.723,45;Não
1951;Danton 1951;23/10/2018;M;1.833,65;Sim
1952;Danton 1952;23/10/2018;M;1.494,28;Não
1953;Danton 1953;23/10/2018;M;1.061,04;Sim
1954;Danton 1954;23/10/2018;M;939,25;Sim
1955;Danton 1955;23/10/2018;M;171,75;Sim
1956;Danton 1956;23/10/2018;M;1.059,77;Sim
1957;Danton 1957;23/10/2018;M;1.180,64;Não
1958;Danton 1958;23/10/2018;M;1.309,60;Não
1959;Danton 1959;23/10/2018;M;1.625,07;Sim
1960;Danton 1960;23/10/2018;M;531,89;Sim
1961;Danton 1961;23/10/2018;M;1.481,68;Não
1962;Danton 1962;23/10/2018;M;85,90;Não
1963;Danton 1963;23/10/2018;M;58,12;Sim
1964;Danton 1964;23/10/2018;M;1.118,26;Não
1965;Danton 1965;23/10/2018;M;1.766,01;Não
1966;Danton 1966;23/10/2018;M;833,27;Sim
1967;Danton 1967;23/10/2018;M;385,98;Sim
1968;Danton 1968;23/10/2018;M;1.268,40;Não
1969;Danton 1969;23/10/2018;M;72,09;Não
1970;Danton 1970;23/10/2018;M;1.160,97;Não
1971;Danton 1971;23/10/2018;M;593,45;Não
1972;Danton 1972;23/10/2018;M;290,75;Sim
1973;Danton 1973;23/10/2018;M;1.381,94;Não
1974;Danton 1974;23/10/2018;M;1.941,56;Não
1975;Danton 1975;23/10/2018;M;370,07;Sim
1976;Danton 1976;23/10/2018;M;1.973,78;Não
1977;Danton 1977;23/10/2018;M;1.497,83;Sim
1978;Danton 1978;23/10/2018;M;936,76;Não
1979;Danton 1979;23/10/2018;M;446,96;Não
1980;Danton 1980;23/10/2018;M;831,25;Sim
1981;Danton 1981;23/10/2018;M;778,03;Sim
1982;Danton 1982;23/10/2018;M;1.026,88;Não
1983;Danton 1983;23/10/2018;M;256,23;Sim
1984;Danton 1984;23/10/2018;M;1.263,20;Sim
1985;Danton 1985;23/10/2018;M;586,22;Sim
1986;Danton 1986;23/10/2018;M;676,09;Não
1987;Danton 1987;23/10/2018;M;168,66;Sim
1988;Danton 1988;23/10/2018;M;1.956,06;Sim
1989;Danton 1989;23/10/2018;M;676,37;Não
1990;Danton 1990;23/10/2018;M;1.898,47;Não
1991;Danton 1991;23/10/2018;M;1.227,14;Sim
1992;Danton 1992;23/10/2018;M;750,72;Não
1993;Danton 1993;23/10/2018;M;586,72;Sim
1994;Danton 1994;23/10/2018;M;275,55;Sim
1995;Danton 1995;23/10/2018;M;1.662,31;Sim
1996;Danton 1996;23/10/2018;M;753,15;Sim
1997;Danton 1997;23/10/2018;M;676,26;Não
1998;Danton 1998;23/10/2018;M;1.422,39;Não
1999;Danton 1999;23/10/2018;M;1.959,66;Sim
